trace_id,condition,split,stage,episode,requested_Unity_seed,action_sampler_seed,policy_initialization_seed,decisions,valid_pairs,q_min,q_median,q_max,q_mean,pairs_with_any_clipping,task_events,raw_final_score,terminated,truncated,end_reason,pair_sequence_sha256,config_sha256,source_sha256
P1-TASK/attempt-01/train/episode-1,TASK,training,train,1,2101,,1101,600,39,0.10102500426634879,0.36715420746807936,0.5181216125156126,0.36948971573839023,0,0.0,0.0,False,True,wrapper_decision_limit,49d5c34bb9a83259c487207cf32d9637dc8572270c38195a82a2c1a8d09280e3,a6014b95bf989af9bbacd663fa7df196e1bbc243774c185eb45a61d74199699d,f8e1a8ced739f52a900d8e579e96becdb45b986f1789d0666f5aa1a3362a919d
P1-TASK/attempt-01/train/episode-2,TASK,training,train,2,2101,,1101,600,39,0.08575692515188763,0.3991034127037759,0.6772439541828822,0.3981584580909905,2,0.0,0.0,False,True,wrapper_decision_limit,d077526a30bd0759e72fd15a32b8bfb4941edfe1becd5d045ce0e6fa59ede830,a6014b95bf989af9bbacd663fa7df196e1bbc243774c185eb45a61d74199699d,f8e1a8ced739f52a900d8e579e96becdb45b986f1789d0666f5aa1a3362a919d
P1-TASK/attempt-01/train/episode-3,TASK,training,train,3,2101,,1101,600,39,0.060004421532656636,0.4116527038503153,0.6489712633941985,0.40853809414826264,2,0.0,0.0,False,True,wrapper_decision_limit,faabbb229072b125a11563f40745ab1e989e4918dec0126b786037f0e742bdcb,a6014b95bf989af9bbacd663fa7df196e1bbc243774c185eb45a61d74199699d,f8e1a8ced739f52a900d8e579e96becdb45b986f1789d0666f5aa1a3362a919d
P1-TASK/attempt-01/train/episode-4,TASK,training,train,4,2101,,1101,600,39,0.11640226092189805,0.38005261267890933,0.6265415334095542,0.3814688891857001,1,0.0,0.0,False,True,wrapper_decision_limit,bcd2e278c4aac032ce7c0abdcdbf5ffb41df791f7f5b725bf4bba0b8b81c7de7,a6014b95bf989af9bbacd663fa7df196e1bbc243774c185eb45a61d74199699d,f8e1a8ced739f52a900d8e579e96becdb45b986f1789d0666f5aa1a3362a919d
P1-TASK/attempt-01/train/episode-5,TASK,training,train,5,2101,,1101,600,39,0.09325270799524255,0.3607050327971339,0.5705772244226788,0.370263556723195,0,0.0,0.0,False,True,wrapper_decision_limit,9f322870b399d37b559728db59600f257359dbec1ab7f348fcda47797c345706,a6014b95bf989af9bbacd663fa7df196e1bbc243774c185eb45a61d74199699d,f8e1a8ced739f52a900d8e579e96becdb45b986f1789d0666f5aa1a3362a919d
P1-TASK/attempt-01/train/episode-6,TASK,training,train,6,2101,,1101,600,39,0.08678771050360193,0.4481333897836571,0.7668800133621143,0.45456902800590737,3,0.0,0.0,False,True,wrapper_decision_limit,07e22e8e5c128f0ec78dc179d2e77862c3eb2535c9bd62e5a171ce1069ff411c,a6014b95bf989af9bbacd663fa7df196e1bbc243774c185eb45a61d74199699d,f8e1a8ced739f52a900d8e579e96becdb45b986f1789d0666f5aa1a3362a919d
P1-TASK/attempt-01/train/episode-7,TASK,training,train,7,2101,,1101,600,39,0.11668143289586204,0.33818335931900834,0.6401806612251895,0.3629774468879289,0,0.0,0.0,False,True,wrapper_decision_limit,3f7970a8d47ca319b26aaa210cf08c6af5f33aeb334fe2c0e7485ff928b3ddc8,a6014b95bf989af9bbacd663fa7df196e1bbc243774c185eb45a61d74199699d,f8e1a8ced739f52a900d8e579e96becdb45b986f1789d0666f5aa1a3362a919d
P1-TASK/attempt-01/train/episode-8,TASK,training,train,8,2101,,1101,600,39,0.18603312064683986,0.3599753038774184,0.5791710464655241,0.36860211943948407,0,0.0,0.0,False,True,wrapper_decision_limit,6a4d195cb911efdd53ea07959a65b41170a0dcc189b0c9be3904bdfc7c55f1b9,a6014b95bf989af9bbacd663fa7df196e1bbc243774c185eb45a61d74199699d,f8e1a8ced739f52a900d8e579e96becdb45b986f1789d0666f5aa1a3362a919d
P1-TASK/attempt-01/train/episode-9,TASK,training,train,9,2101,,1101,600,39,0.05747736814622371,0.3466750131928727,0.5423713809316707,0.3423494941495941,0,0.0,0.0,False,True,wrapper_decision_limit,61ad681a2419e5c0d257e67218922f0f1da40e6d3990d07d6da8e6e52309ab8c,a6014b95bf989af9bbacd663fa7df196e1bbc243774c185eb45a61d74199699d,f8e1a8ced739f52a900d8e579e96becdb45b986f1789d0666f5aa1a3362a919d
P1-TASK/attempt-01/train/episode-10,TASK,training,train,10,2101,,1101,600,39,0.05974385208679826,0.4195090165569285,0.5807442197718411,0.39322439799313447,2,0.0,0.0,False,True,wrapper_decision_limit,97769717e1db66b64ec49475caf4b10a00e70152512f2712bfdbfa83c74f2e4b,a6014b95bf989af9bbacd663fa7df196e1bbc243774c185eb45a61d74199699d,f8e1a8ced739f52a900d8e579e96becdb45b986f1789d0666f5aa1a3362a919d
P1-TASK/attempt-01/train/episode-11,TASK,training,train,11,2101,,1101,600,39,0.037045810466648454,0.33723152572724296,0.6528654669544105,0.3465031673034385,15,0.0,0.0,False,True,wrapper_decision_limit,9b7ead7d5f4968e097e2ddc5598f802a67aa880dda8c92820c8e755efe26b07c,a6014b95bf989af9bbacd663fa7df196e1bbc243774c185eb45a61d74199699d,f8e1a8ced739f52a900d8e579e96becdb45b986f1789d0666f5aa1a3362a919d
P1-TASK/attempt-01/train/episode-12,TASK,training,train,12,2101,,1101,600,39,0.1036834320468282,0.34450380285024984,0.623028202633766,0.3405634140329395,0,0.0,0.0,False,True,wrapper_decision_limit,e88c9906daf8b520f11b8d6d50e5c24cfde243a74865feab556d972c56fe0b42,a6014b95bf989af9bbacd663fa7df196e1bbc243774c185eb45a61d74199699d,f8e1a8ced739f52a900d8e579e96becdb45b986f1789d0666f5aa1a3362a919d
P1-TASK/attempt-01/train/episode-13,TASK,training,train,13,2101,,1101,600,39,0.0858802289596839,0.3676650637015165,0.6011816943042734,0.36296007231265276,0,0.0,0.0,False,True,wrapper_decision_limit,b9829413ca083ad7522fc7ebccbb3fbeeb5af4d7e7754d2e85046f2bfa609b45,a6014b95bf989af9bbacd663fa7df196e1bbc243774c185eb45a61d74199699d,f8e1a8ced739f52a900d8e579e96becdb45b986f1789d0666f5aa1a3362a919d
P1-TASK/attempt-01/train/episode-14,TASK,training,train,14,2101,,1101,600,39,0.0728928651417496,0.3294171926378871,0.6058097309759471,0.33288318080563967,0,0.0,0.0,False,True,wrapper_decision_limit,f87c8458cfd2a425bbd9b3c46092c3b3d2c2a59f4aeac461761e811fc88fcf68,a6014b95bf989af9bbacd663fa7df196e1bbc243774c185eb45a61d74199699d,f8e1a8ced739f52a900d8e579e96becdb45b986f1789d0666f5aa1a3362a919d
P1-TASK/attempt-01/train/episode-15,TASK,training,train,15,2101,,1101,600,39,0.057520008371238183,0.3372427654021281,0.6218571943834407,0.3289717944323326,2,0.0,0.0,False,True,wrapper_decision_limit,f02ef01f3ca8d47702ca1fba77fbc9003570fb0bb71b18571cf7f7724dbd51c3,a6014b95bf989af9bbacd663fa7df196e1bbc243774c185eb45a61d74199699d,f8e1a8ced739f52a900d8e579e96becdb45b986f1789d0666f5aa1a3362a919d
P1-TASK/attempt-01/train/episode-16,TASK,training,train,16,2101,,1101,600,39,0.049292902945030706,0.3670106086024273,0.6252652463095905,0.3585140433941817,6,0.0,0.0,False,True,wrapper_decision_limit,400fcc4effe7cd92d308fc102fad7f3a26d8af14b8fd5365dd160836c61d4a4c,a6014b95bf989af9bbacd663fa7df196e1bbc243774c185eb45a61d74199699d,f8e1a8ced739f52a900d8e579e96becdb45b986f1789d0666f5aa1a3362a919d
P1-TASK/attempt-01/train/episode-17,TASK,training,train,17,2101,,1101,600,39,0.09226198540440948,0.3307319559784205,0.5423338111305117,0.3262709199351703,0,0.0,0.0,False,True,wrapper_decision_limit,1e8ed34aa291427c89fa1de953c20e73cc8cf88a5826748b154143bf1ce5182f,a6014b95bf989af9bbacd663fa7df196e1bbc243774c185eb45a61d74199699d,f8e1a8ced739f52a900d8e579e96becdb45b986f1789d0666f5aa1a3362a919d
P1-TASK/attempt-01/train/episode-18,TASK,training,train,18,2101,,1101,600,39,0.0982207154360206,0.3563417562906773,0.5342722932689054,0.34129955589937755,0,0.0,0.0,False,True,wrapper_decision_limit,d7853dc104e122494108c2345108f52a8dca2886d1a0940203c8ae64e566e705,a6014b95bf989af9bbacd663fa7df196e1bbc243774c185eb45a61d74199699d,f8e1a8ced739f52a900d8e579e96becdb45b986f1789d0666f5aa1a3362a919d
P1-TASK/attempt-01/train/episode-19,TASK,training,train,19,2101,,1101,600,39,0.048764640183995824,0.3491029429209097,0.5495887328032028,0.3387862913469581,2,0.0,0.0,False,True,wrapper_decision_limit,3b9b653ac5cd17af05ef6781b5fa8c196aa71472fdefe48b592974ddc4ff91e2,a6014b95bf989af9bbacd663fa7df196e1bbc243774c185eb45a61d74199699d,f8e1a8ced739f52a900d8e579e96becdb45b986f1789d0666f5aa1a3362a919d
P1-TASK/attempt-01/train/episode-20,TASK,training,train,20,2101,,1101,600,39,0.25417129593931953,0.3859363515840508,0.7554886712022919,0.4091039662882198,0,0.0,0.0,False,True,wrapper_decision_limit,4153b51f499bceedd6e33843f696656d3b754a8635ee9cf43d6853782fb6b262,a6014b95bf989af9bbacd663fa7df196e1bbc243774c185eb45a61d74199699d,f8e1a8ced739f52a900d8e579e96becdb45b986f1789d0666f5aa1a3362a919d
P1-TASK/attempt-01/train/episode-21,TASK,training,train,21,2101,,1101,600,39,0.22792656074802192,0.39477343364663364,0.6470849140950279,0.3928827127369432,0,0.0,0.0,False,True,wrapper_decision_limit,dadda51fdd8a6658621c646ca96fcc6febd9e4c5768ffd53851ed02900d7277c,a6014b95bf989af9bbacd663fa7df196e1bbc243774c185eb45a61d74199699d,f8e1a8ced739f52a900d8e579e96becdb45b986f1789d0666f5aa1a3362a919d
P1-TASK/attempt-01/train/episode-22,TASK,training,train,22,2101,,1101,600,39,0.08887389837926363,0.3505125568944399,0.6007807785944186,0.34939265338270287,1,0.0,0.0,False,True,wrapper_decision_limit,76f65ede5b2d89d9541ea9ce7a56c0a54e4421fa8294cd37d5bd6c78427fb21f,a6014b95bf989af9bbacd663fa7df196e1bbc243774c185eb45a61d74199699d,f8e1a8ced739f52a900d8e579e96becdb45b986f1789d0666f5aa1a3362a919d
P1-TASK/attempt-01/train/episode-23,TASK,training,train,23,2101,,1101,600,39,0.07344284040332782,0.343598865567181,0.5388537612186259,0.3413372467586587,0,0.0,0.0,False,True,wrapper_decision_limit,acd629515beaef57503208be4d4ba6d49908d8d418d59185b673aae0cf63f6e5,a6014b95bf989af9bbacd663fa7df196e1bbc243774c185eb45a61d74199699d,f8e1a8ced739f52a900d8e579e96becdb45b986f1789d0666f5aa1a3362a919d
P1-TASK/attempt-01/train/episode-24,TASK,training,train,24,2101,,1101,600,39,0.12430866444449055,0.34627985804235956,0.5046913279373133,0.3452440759266451,2,0.0,0.0,False,True,wrapper_decision_limit,12ac05dcc393d1f3055622bdc99b185623b940845dab4da1e06f499d1895bcfa,a6014b95bf989af9bbacd663fa7df196e1bbc243774c185eb45a61d74199699d,f8e1a8ced739f52a900d8e579e96becdb45b986f1789d0666f5aa1a3362a919d
P1-TASK/attempt-01/train/episode-25,TASK,training,train,25,2101,,1101,600,39,0.08545759652261822,0.3721006174795093,0.5526968929925797,0.3581444238201807,2,0.0,0.0,False,True,wrapper_decision_limit,4feb1b2c3b69a4472a62a812fc0ecd0689e1f5d1d737bec3481509f4c5aea98b,a6014b95bf989af9bbacd663fa7df196e1bbc243774c185eb45a61d74199699d,f8e1a8ced739f52a900d8e579e96becdb45b986f1789d0666f5aa1a3362a919d
P1-TASK/attempt-01/train/episode-26,TASK,training,train,26,2101,,1101,600,39,0.07061276671636936,0.3195843820111608,0.6825974343060752,0.33560643289322656,1,0.0,0.0,False,True,wrapper_decision_limit,db99865dfa6d41a2834179e3d9333b819c3c13980e3eeb6255fbe5923c2d184f,a6014b95bf989af9bbacd663fa7df196e1bbc243774c185eb45a61d74199699d,f8e1a8ced739f52a900d8e579e96becdb45b986f1789d0666f5aa1a3362a919d
P1-TASK/attempt-01/train/episode-27,TASK,training,train,27,2101,,1101,600,39,0.10846308288069302,0.33335046267002655,0.6113468406171847,0.32927174773760853,0,0.0,0.0,False,True,wrapper_decision_limit,9b750b57ef75b26b6e8c8ecd7c5caef41ff4cc679651e86f1492d9e6bc902451,a6014b95bf989af9bbacd663fa7df196e1bbc243774c185eb45a61d74199699d,f8e1a8ced739f52a900d8e579e96becdb45b986f1789d0666f5aa1a3362a919d
P1-TASK/attempt-01/train/episode-28,TASK,training,train,28,2101,,1101,600,39,0.2573479810409084,0.40308983375806157,0.6482969391431377,0.40885829306845567,0,0.0,0.0,False,True,wrapper_decision_limit,54f015eab3802f3c40ded33444fbf7e35297fd87d3114f66a608c15a610f890f,a6014b95bf989af9bbacd663fa7df196e1bbc243774c185eb45a61d74199699d,f8e1a8ced739f52a900d8e579e96becdb45b986f1789d0666f5aa1a3362a919d
P1-TASK/attempt-01/train/episode-29,TASK,training,train,29,2101,,1101,600,39,0.14114100610457717,0.32195498250926163,0.6212107232116066,0.3486529136399725,1,0.0,0.0,False,True,wrapper_decision_limit,0d7b352f7d46971131d40b14e6ed93eb6e411c7a24f31d5c5e236ab61d6f64f1,a6014b95bf989af9bbacd663fa7df196e1bbc243774c185eb45a61d74199699d,f8e1a8ced739f52a900d8e579e96becdb45b986f1789d0666f5aa1a3362a919d
P1-TASK/attempt-01/train/episode-30,TASK,training,train,30,2101,,1101,600,39,0.08530585157901031,0.34534960910938856,0.6186016602082979,0.34403239543558595,1,0.0,0.0,False,True,wrapper_decision_limit,b5439f3f28bef665e69858e5f8dd5b6517c046aae5e12c6c9bb2bccd16f864d6,a6014b95bf989af9bbacd663fa7df196e1bbc243774c185eb45a61d74199699d,f8e1a8ced739f52a900d8e579e96becdb45b986f1789d0666f5aa1a3362a919d
P1-TASK/attempt-01/train/episode-31,TASK,training,train,31,2101,,1101,600,39,0.06044537704376014,0.3531774896801029,0.5123863025984369,0.33453199940662115,0,0.0,0.0,False,True,wrapper_decision_limit,61c1485516df2711f58b0fa515196956d9d377af1e4bc472c1d37860a044d84a,a6014b95bf989af9bbacd663fa7df196e1bbc243774c185eb45a61d74199699d,f8e1a8ced739f52a900d8e579e96becdb45b986f1789d0666f5aa1a3362a919d
P1-TASK/attempt-01/train/episode-32,TASK,training,train,32,2101,,1101,600,39,0.06021217664001057,0.37094059652480443,0.5727956211976823,0.35054090482325445,2,0.0,0.0,False,True,wrapper_decision_limit,79c1330987c58345307241478a5e21161a2038530f1133e3aea586c8e0667c5a,a6014b95bf989af9bbacd663fa7df196e1bbc243774c185eb45a61d74199699d,f8e1a8ced739f52a900d8e579e96becdb45b986f1789d0666f5aa1a3362a919d
P1-TASK/attempt-01/train/episode-33,TASK,training,train,33,2101,,1101,600,39,0.0699444800924165,0.3804528171510072,0.567634144247823,0.368123189068739,1,0.0,0.0,False,True,wrapper_decision_limit,accd9d1195b756676d6ed982fc3551656b2054b5120b58e935df9cd2783a01d9,a6014b95bf989af9bbacd663fa7df196e1bbc243774c185eb45a61d74199699d,f8e1a8ced739f52a900d8e579e96becdb45b986f1789d0666f5aa1a3362a919d
P1-TASK/attempt-01/train/episode-34,TASK,training,train,34,2101,,1101,600,39,0.058401866381313415,0.4035905618225114,0.5995432256541703,0.4067586339082424,3,1.0,1.0,False,True,wrapper_decision_limit,69a08fd91c6c3b912d60bc5cbb27742352311139056a7e17e8571abf50eeca45,a6014b95bf989af9bbacd663fa7df196e1bbc243774c185eb45a61d74199699d,f8e1a8ced739f52a900d8e579e96becdb45b986f1789d0666f5aa1a3362a919d
P1-TASK/attempt-01/train/episode-35,TASK,training,train,35,2101,,1101,600,39,0.0575400879845928,0.3425953658235831,0.4796260390609997,0.3232542308751263,0,0.0,0.0,False,True,wrapper_decision_limit,57bc1aef0d982c041be46d755a168a3f101f4d6a9484a1c0fbb9281941ad00d6,a6014b95bf989af9bbacd663fa7df196e1bbc243774c185eb45a61d74199699d,f8e1a8ced739f52a900d8e579e96becdb45b986f1789d0666f5aa1a3362a919d
P1-TASK/attempt-01/train/episode-36,TASK,training,train,36,2101,,1101,600,39,0.25996919954069425,0.3770723026359694,0.5980995910339747,0.38179235393677574,0,0.0,0.0,False,True,wrapper_decision_limit,d0de39631506d3bc1ab02fd39205714e111c1ced35770f620e808b7eee44b465,a6014b95bf989af9bbacd663fa7df196e1bbc243774c185eb45a61d74199699d,f8e1a8ced739f52a900d8e579e96becdb45b986f1789d0666f5aa1a3362a919d
P1-TASK/attempt-01/train/episode-37,TASK,training,train,37,2101,,1101,600,39,0.044332458616420475,0.35750922394901685,0.6187360384421823,0.36304208013199957,2,0.0,0.0,False,True,wrapper_decision_limit,8a13ecff1b5db33db939e25ec3a6d99e7c2e58dbd0d1d77b90892885dce4a782,a6014b95bf989af9bbacd663fa7df196e1bbc243774c185eb45a61d74199699d,f8e1a8ced739f52a900d8e579e96becdb45b986f1789d0666f5aa1a3362a919d
P1-TASK/attempt-01/train/episode-38,TASK,training,train,38,2101,,1101,600,39,0.0934102249920952,0.3323965747975853,0.5230602075536247,0.32735223249073664,0,0.0,0.0,False,True,wrapper_decision_limit,c8360dd1e0d498f5ceb99e998098b4ec9868aaa63e8964258dabb38aafd6261a,a6014b95bf989af9bbacd663fa7df196e1bbc243774c185eb45a61d74199699d,f8e1a8ced739f52a900d8e579e96becdb45b986f1789d0666f5aa1a3362a919d
P1-TASK/attempt-01/train/episode-39,TASK,training,train,39,2101,,1101,600,39,0.08913656082822427,0.3409679507565007,0.5987680032159745,0.33865978018395776,0,0.0,0.0,False,True,wrapper_decision_limit,af10ace548f54abc6187928dc9f4b5cb77a2734af8b12451c8a7336d64898f24,a6014b95bf989af9bbacd663fa7df196e1bbc243774c185eb45a61d74199699d,f8e1a8ced739f52a900d8e579e96becdb45b986f1789d0666f5aa1a3362a919d
P1-TASK/attempt-01/train/episode-40,TASK,training,train,40,2101,,1101,600,39,0.05272965066024056,0.3652439061794786,0.5703749635410371,0.362301801584976,3,0.0,0.0,False,True,wrapper_decision_limit,97b0c772ab3203671d83d25e3cfd6c171397f4c2976c516cf1eb23a119fa84d6,a6014b95bf989af9bbacd663fa7df196e1bbc243774c185eb45a61d74199699d,f8e1a8ced739f52a900d8e579e96becdb45b986f1789d0666f5aa1a3362a919d
P1-TASK/attempt-01/train/episode-41,TASK,training,train,41,2101,,1101,600,39,0.05393540650346777,0.38671993436366875,0.5840690301816875,0.38599702250304135,2,0.0,0.0,False,True,wrapper_decision_limit,ad6f7ec7ea4f14caec23328e4c946c6b89ba87465b3df0d80bf9cd0f23f06afb,a6014b95bf989af9bbacd663fa7df196e1bbc243774c185eb45a61d74199699d,f8e1a8ced739f52a900d8e579e96becdb45b986f1789d0666f5aa1a3362a919d
P1-TASK/attempt-01/train/episode-42,TASK,training,train,42,2101,,1101,600,39,0.1326663180169991,0.39978156785455854,0.5386009158620076,0.3883695396679159,1,0.0,0.0,False,True,wrapper_decision_limit,ad103dc1b2884c9fefed4a5073ce0120111a3b73661688ef7586483815289969,a6014b95bf989af9bbacd663fa7df196e1bbc243774c185eb45a61d74199699d,f8e1a8ced739f52a900d8e579e96becdb45b986f1789d0666f5aa1a3362a919d
P1-TASK/attempt-01/train/episode-43,TASK,training,train,43,2101,,1101,600,39,0.09981165745964268,0.33171592398732364,0.573617227312468,0.32738945612829157,0,0.0,0.0,False,True,wrapper_decision_limit,56425810365fcfde28db086caa2628113c4124e9764c100bef72aa3a0d0cf541,a6014b95bf989af9bbacd663fa7df196e1bbc243774c185eb45a61d74199699d,f8e1a8ced739f52a900d8e579e96becdb45b986f1789d0666f5aa1a3362a919d
P1-TASK/attempt-01/train/episode-44,TASK,training,train,44,2101,,1101,600,39,0.07391232614900842,0.36581537532164365,0.5629962397019744,0.3587070109673044,1,0.0,0.0,False,True,wrapper_decision_limit,c5737f46a9c3f7b47786aeffb60ff5224dd7bba50d82b3fc3468aa0879ce8327,a6014b95bf989af9bbacd663fa7df196e1bbc243774c185eb45a61d74199699d,f8e1a8ced739f52a900d8e579e96becdb45b986f1789d0666f5aa1a3362a919d
P1-TASK/attempt-01/train/episode-45,TASK,training,train,45,2101,,1101,600,39,0.06082685485103476,0.3717092990853474,0.5264106450678689,0.358081004446172,2,0.0,0.0,False,True,wrapper_decision_limit,f5ad49a475878505fc4ace00d7dcafabedd3c10d2529f72eeb7273a5916f67be,a6014b95bf989af9bbacd663fa7df196e1bbc243774c185eb45a61d74199699d,f8e1a8ced739f52a900d8e579e96becdb45b986f1789d0666f5aa1a3362a919d
P1-TASK/attempt-01/train/episode-46,TASK,training,train,46,2101,,1101,600,39,0.12046866118597502,0.39165202110420905,0.6065912265770084,0.37553780686283766,0,0.0,0.0,False,True,wrapper_decision_limit,af408c80c041ef62f8cd1896c40642e9ed3dc7f93a3708c912f1f941ea30cac0,a6014b95bf989af9bbacd663fa7df196e1bbc243774c185eb45a61d74199699d,f8e1a8ced739f52a900d8e579e96becdb45b986f1789d0666f5aa1a3362a919d
P1-TASK/attempt-01/train/episode-47,TASK,training,train,47,2101,,1101,600,39,0.07419203391779419,0.3390506733557259,0.5659927279366729,0.3351577933517043,0,0.0,0.0,False,True,wrapper_decision_limit,99d04ae48a5e09d17bb405061382929ff24a389b15832f9e4ba484fd0e8f3013,a6014b95bf989af9bbacd663fa7df196e1bbc243774c185eb45a61d74199699d,f8e1a8ced739f52a900d8e579e96becdb45b986f1789d0666f5aa1a3362a919d
P1-TASK/attempt-01/train/episode-48,TASK,training,train,48,2101,,1101,600,39,0.058709026682526796,0.37911891788991375,0.5619854917633679,0.35895573483213733,3,0.0,0.0,False,True,wrapper_decision_limit,8e8b5f954e95f2b445ed67c9f93a477860c7750fe9512c105ced3852edef5194,a6014b95bf989af9bbacd663fa7df196e1bbc243774c185eb45a61d74199699d,f8e1a8ced739f52a900d8e579e96becdb45b986f1789d0666f5aa1a3362a919d
P1-TASK/attempt-01/train/episode-49,TASK,training,train,49,2101,,1101,600,39,0.058190820231663,0.3463303836872894,0.6168678626087926,0.34957295857895876,1,0.0,0.0,False,True,wrapper_decision_limit,e3d3483cee4b2e796c843098c45e0c89db495b1ea1203e46b560cd995c349863,a6014b95bf989af9bbacd663fa7df196e1bbc243774c185eb45a61d74199699d,f8e1a8ced739f52a900d8e579e96becdb45b986f1789d0666f5aa1a3362a919d
P1-TASK/attempt-01/train/episode-50,TASK,training,train,50,2101,,1101,600,39,0.05220081496674722,0.36477027776364396,0.6715870269656645,0.37099240370428654,0,0.0,0.0,False,True,wrapper_decision_limit,b70b29ca5400a548171653d39846f2a1657a53d7ab5bbaeee0d24f50feefcf60,a6014b95bf989af9bbacd663fa7df196e1bbc243774c185eb45a61d74199699d,f8e1a8ced739f52a900d8e579e96becdb45b986f1789d0666f5aa1a3362a919d
P1-TASK/attempt-01/train/episode-51,TASK,training,train,51,2101,,1101,600,39,0.09473723263014384,0.39741247294460136,0.5551398374467359,0.37706135196261775,1,0.0,0.0,False,True,wrapper_decision_limit,50ecb670543ebaf65cfc58658de7e9a54f3d0ebbbf6ee5e646cc8bf7c2210464,a6014b95bf989af9bbacd663fa7df196e1bbc243774c185eb45a61d74199699d,f8e1a8ced739f52a900d8e579e96becdb45b986f1789d0666f5aa1a3362a919d
P1-TASK/attempt-01/train/episode-52,TASK,training,train,52,2101,,1101,600,39,0.10975696469800315,0.35679058623269555,0.5185719593343416,0.35052805498401035,0,0.0,0.0,False,True,wrapper_decision_limit,6080bc5f7526ec8701401ab445382efb53bdd51b3c5a77f6823e2f18350ced41,a6014b95bf989af9bbacd663fa7df196e1bbc243774c185eb45a61d74199699d,f8e1a8ced739f52a900d8e579e96becdb45b986f1789d0666f5aa1a3362a919d
P1-TASK/attempt-01/train/episode-53,TASK,training,train,53,2101,,1101,600,39,0.14281264539870406,0.37518378213950637,0.693855556801066,0.373200844242858,0,0.0,0.0,False,True,wrapper_decision_limit,9b4dddfdd42995f29eb72d0e19dd465ff3da642a4739f56a90c84fd787282927,a6014b95bf989af9bbacd663fa7df196e1bbc243774c185eb45a61d74199699d,f8e1a8ced739f52a900d8e579e96becdb45b986f1789d0666f5aa1a3362a919d
P1-TASK/attempt-01/train/episode-54,TASK,training,train,54,2101,,1101,600,39,0.127543128727778,0.3651647831745882,0.6128004934396409,0.3523200517611278,0,0.0,0.0,False,True,wrapper_decision_limit,c53277f530681b5687c4644fea5a3e86170971a39f09246f6efb9e46e9c4cf1a,a6014b95bf989af9bbacd663fa7df196e1bbc243774c185eb45a61d74199699d,f8e1a8ced739f52a900d8e579e96becdb45b986f1789d0666f5aa1a3362a919d
P1-TASK/attempt-01/train/episode-55,TASK,training,train,55,2101,,1101,600,39,0.06670660058116293,0.3942825426283617,0.6502316409901235,0.3807280469809598,5,0.0,0.0,False,True,wrapper_decision_limit,e70d2777c8b6e28100023e81a0fcc3745d71f1ea20f7568d3d23df809409eda8,a6014b95bf989af9bbacd663fa7df196e1bbc243774c185eb45a61d74199699d,f8e1a8ced739f52a900d8e579e96becdb45b986f1789d0666f5aa1a3362a919d
P1-TASK/attempt-01/train/episode-56,TASK,training,train,56,2101,,1101,600,39,0.09423937927620962,0.3705493195680904,0.5557441170532658,0.3652775986400169,0,0.0,0.0,False,True,wrapper_decision_limit,749834521226ec5c90e6924f6b46324505f1fe5f6f6b83dbf33a2c2962fbd7ae,a6014b95bf989af9bbacd663fa7df196e1bbc243774c185eb45a61d74199699d,f8e1a8ced739f52a900d8e579e96becdb45b986f1789d0666f5aa1a3362a919d
P1-TASK/attempt-01/train/episode-57,TASK,training,train,57,2101,,1101,600,39,0.06894478586939416,0.37288164122994416,0.609092852188549,0.3617612500655296,1,0.0,0.0,False,True,wrapper_decision_limit,d2aec25ad3b09a712ca8b917c663794ea499f29fff1e76f5ace6e12a60e8944c,a6014b95bf989af9bbacd663fa7df196e1bbc243774c185eb45a61d74199699d,f8e1a8ced739f52a900d8e579e96becdb45b986f1789d0666f5aa1a3362a919d
P1-TASK/attempt-01/train/episode-58,TASK,training,train,58,2101,,1101,600,39,0.17363629853290014,0.3616856970636476,0.5084239438210215,0.3493782036525836,1,0.0,0.0,False,True,wrapper_decision_limit,aace42823f5c81738e43c2677ccfd9afd75e389c76405c1a9671dafe1728d0e4,a6014b95bf989af9bbacd663fa7df196e1bbc243774c185eb45a61d74199699d,f8e1a8ced739f52a900d8e579e96becdb45b986f1789d0666f5aa1a3362a919d
P1-TASK/attempt-01/train/episode-59,TASK,training,train,59,2101,,1101,600,39,0.06954551529555719,0.38077815604086734,0.5670689405728606,0.3732512438098297,0,0.0,0.0,False,True,wrapper_decision_limit,8ec2813bda317f17e345b150709707fafe0bc95a34f4b00ac0dd3ff0b2c1e9b4,a6014b95bf989af9bbacd663fa7df196e1bbc243774c185eb45a61d74199699d,f8e1a8ced739f52a900d8e579e96becdb45b986f1789d0666f5aa1a3362a919d
P1-TASK/attempt-01/train/episode-60,TASK,training,train,60,2101,,1101,600,39,0.11397033022496424,0.36305628801322226,0.5563170656671736,0.36633061349144025,0,0.0,0.0,False,True,wrapper_decision_limit,b5e1a057e462d75274a65285eb792b182b25332a283620990d1d76ff237d5033,a6014b95bf989af9bbacd663fa7df196e1bbc243774c185eb45a61d74199699d,f8e1a8ced739f52a900d8e579e96becdb45b986f1789d0666f5aa1a3362a919d
P1-TASK/attempt-01/train/episode-61,TASK,training,train,61,2101,,1101,600,39,0.21573237481627508,0.3732484440633012,0.5743627107274569,0.37277023167852735,0,1.0,1.0,False,True,wrapper_decision_limit,78bf6ad4a0ff29cd2e210b3d21a905eec7db759aef02a91baa98aa28b2530857,a6014b95bf989af9bbacd663fa7df196e1bbc243774c185eb45a61d74199699d,f8e1a8ced739f52a900d8e579e96becdb45b986f1789d0666f5aa1a3362a919d
P1-TASK/attempt-01/train/episode-62,TASK,training,train,62,2101,,1101,600,39,0.08567275676018873,0.402138691909126,0.6205438601832312,0.40664442211296653,2,0.0,0.0,False,True,wrapper_decision_limit,0b29334ab62a7a1c4f5619dae419c47d3508c461d1d3594746382e4aed8f531f,a6014b95bf989af9bbacd663fa7df196e1bbc243774c185eb45a61d74199699d,f8e1a8ced739f52a900d8e579e96becdb45b986f1789d0666f5aa1a3362a919d
P1-TASK/attempt-01/train/episode-63,TASK,training,train,63,2101,,1101,600,39,0.0853430568992469,0.3637319404376985,0.579945831725046,0.35508369762033315,0,0.0,0.0,False,True,wrapper_decision_limit,fe2af40ec44173d428c8b8ff6c32089b5335071dd386e3b5769daf04c135737a,a6014b95bf989af9bbacd663fa7df196e1bbc243774c185eb45a61d74199699d,f8e1a8ced739f52a900d8e579e96becdb45b986f1789d0666f5aa1a3362a919d
P1-TASK/attempt-01/train/episode-64,TASK,training,train,64,2101,,1101,600,39,0.3476079672232673,0.4626523778656521,0.7035077763471981,0.4654095386802067,0,0.0,0.0,False,True,wrapper_decision_limit,91e9aad98cd5573233a7b865b47dac71095750a286686644196179b7b2bc2c77,a6014b95bf989af9bbacd663fa7df196e1bbc243774c185eb45a61d74199699d,f8e1a8ced739f52a900d8e579e96becdb45b986f1789d0666f5aa1a3362a919d
P1-TASK/attempt-01/train/episode-65,TASK,training,train,65,2101,,1101,600,39,0.10042934516184387,0.3627523274329598,0.6958013027194891,0.3631909980898704,3,0.0,0.0,False,True,wrapper_decision_limit,272e525d7d797ad74961d095609f7da7e4beee87ea06536b6332b273fd15c52c,a6014b95bf989af9bbacd663fa7df196e1bbc243774c185eb45a61d74199699d,f8e1a8ced739f52a900d8e579e96becdb45b986f1789d0666f5aa1a3362a919d
P1-TASK/attempt-01/train/episode-66,TASK,training,train,66,2101,,1101,600,39,0.11541544014381973,0.39279797902135904,0.6864606859100887,0.37724032435849236,0,0.0,0.0,False,True,wrapper_decision_limit,73343e546fb5cffcca3eada8ee3063c58e09e2693bf13d2d4165056a446493d0,a6014b95bf989af9bbacd663fa7df196e1bbc243774c185eb45a61d74199699d,f8e1a8ced739f52a900d8e579e96becdb45b986f1789d0666f5aa1a3362a919d
P1-TASK/attempt-01/train/episode-67,TASK,training,train,67,2101,,1101,600,39,0.05743849688655258,0.3370957462414605,0.6289506064914184,0.3292223975177219,1,0.0,0.0,False,True,wrapper_decision_limit,d0af726ab53f5b83a4de13a0d13158ed756cfd0417dd8ef50d9828e0ed09feea,a6014b95bf989af9bbacd663fa7df196e1bbc243774c185eb45a61d74199699d,f8e1a8ced739f52a900d8e579e96becdb45b986f1789d0666f5aa1a3362a919d
P1-TASK/attempt-01/train/episode-68,TASK,training,train,68,2101,,1101,600,39,0.07210387878207891,0.3495460569039154,0.6405693365869518,0.34016210857877727,2,0.0,0.0,False,True,wrapper_decision_limit,5691a76dc028cede94dd19b069c5501a920978f9d49fbb886d8cc54d68a124b3,a6014b95bf989af9bbacd663fa7df196e1bbc243774c185eb45a61d74199699d,f8e1a8ced739f52a900d8e579e96becdb45b986f1789d0666f5aa1a3362a919d
P1-TASK/attempt-01/train/episode-69,TASK,training,train,69,2101,,1101,600,39,0.06807935633220144,0.3510701869087594,0.665766390001534,0.35652226655472774,3,0.0,0.0,False,True,wrapper_decision_limit,6535afba06310ad1f04f344f0af474ed70c8e4aade054b7b689d6b4e5d17b82c,a6014b95bf989af9bbacd663fa7df196e1bbc243774c185eb45a61d74199699d,f8e1a8ced739f52a900d8e579e96becdb45b986f1789d0666f5aa1a3362a919d
P1-TASK/attempt-01/train/episode-70,TASK,training,train,70,2101,,1101,600,39,0.08022506214855163,0.375626872687753,0.5920106172804578,0.3598304562982836,2,0.0,0.0,False,True,wrapper_decision_limit,b0ff7a2b25ca02f9eb77d9c8b2f31b2ec05a33397084e7f9b0dfa42a09e85928,a6014b95bf989af9bbacd663fa7df196e1bbc243774c185eb45a61d74199699d,f8e1a8ced739f52a900d8e579e96becdb45b986f1789d0666f5aa1a3362a919d
P1-TASK/attempt-01/train/episode-71,TASK,training,train,71,2101,,1101,600,39,0.08330890535682042,0.3744718244532875,0.5338131610627358,0.35681849886370925,0,0.0,0.0,False,True,wrapper_decision_limit,f757787a8b3d0535143031f69420ceb7d174997e89d7ee9c6e5fafa75bcec92b,a6014b95bf989af9bbacd663fa7df196e1bbc243774c185eb45a61d74199699d,f8e1a8ced739f52a900d8e579e96becdb45b986f1789d0666f5aa1a3362a919d
P1-TASK/attempt-01/train/episode-72,TASK,training,train,72,2101,,1101,600,39,0.05821468275834638,0.4180848392263143,0.5899108779113422,0.38219848765017067,5,0.0,0.0,False,True,wrapper_decision_limit,b41f22ff0c42a52debe538d5b4ca6a1475993b1f7ee0239a62c2b3b096ca428d,a6014b95bf989af9bbacd663fa7df196e1bbc243774c185eb45a61d74199699d,f8e1a8ced739f52a900d8e579e96becdb45b986f1789d0666f5aa1a3362a919d
P1-TASK/attempt-01/train/episode-73,TASK,training,train,73,2101,,1101,600,39,0.05392802512979522,0.3743175556966104,0.6470690312663787,0.3563881394103247,6,0.0,0.0,False,True,wrapper_decision_limit,c88d4b209f13b8ad1c0475def19f23a8bdd8fd835344e690bcc762859e332045,a6014b95bf989af9bbacd663fa7df196e1bbc243774c185eb45a61d74199699d,f8e1a8ced739f52a900d8e579e96becdb45b986f1789d0666f5aa1a3362a919d
P1-TASK/attempt-01/train/episode-74,TASK,training,train,74,2101,,1101,600,39,0.08435709383347134,0.3705764381410905,0.5636096779878494,0.35894525806434313,0,0.0,0.0,False,True,wrapper_decision_limit,d01ed94a27bda5c8d1b70bf4c39fccb6adcbd398eec02f565c519d74392e5d8b,a6014b95bf989af9bbacd663fa7df196e1bbc243774c185eb45a61d74199699d,f8e1a8ced739f52a900d8e579e96becdb45b986f1789d0666f5aa1a3362a919d
P1-TASK/attempt-01/train/episode-75,TASK,training,train,75,2101,,1101,600,39,0.07388247060509119,0.40868364198062723,0.6782423032191188,0.382853015655029,6,0.0,0.0,False,True,wrapper_decision_limit,54b5a118a49d6ccc103ef282acbecf218e7096a46025559814cafe62300ebad8,a6014b95bf989af9bbacd663fa7df196e1bbc243774c185eb45a61d74199699d,f8e1a8ced739f52a900d8e579e96becdb45b986f1789d0666f5aa1a3362a919d
P1-TASK/attempt-01/train/episode-76,TASK,training,train,76,2101,,1101,600,39,0.07807562803242687,0.3919692072652653,0.5459280181310482,0.3772536803527397,0,0.0,0.0,False,True,wrapper_decision_limit,800d9edcadb2aa27c308228987620b2d5ffee7ec9e7e1f42c52c3aedadf6aeab,a6014b95bf989af9bbacd663fa7df196e1bbc243774c185eb45a61d74199699d,f8e1a8ced739f52a900d8e579e96becdb45b986f1789d0666f5aa1a3362a919d
P1-TASK/attempt-01/train/episode-77,TASK,training,train,77,2101,,1101,600,39,0.06405983951026803,0.37226477521393414,0.6007231803546328,0.37075252268371106,2,0.0,0.0,False,True,wrapper_decision_limit,b9cc269626e026bf855d4bb63185276e27a7e2c134fa6a37fcede037bc2668bb,a6014b95bf989af9bbacd663fa7df196e1bbc243774c185eb45a61d74199699d,f8e1a8ced739f52a900d8e579e96becdb45b986f1789d0666f5aa1a3362a919d
P1-TASK/attempt-01/train/episode-78,TASK,training,train,78,2101,,1101,600,39,0.09897932068691118,0.3520632790222086,0.6227221621902779,0.3569917459442711,0,0.0,0.0,False,True,wrapper_decision_limit,bb97cc31a47bb3f29dd7fc842f4c0fd0f23d3ce71e791b19864e4a7feef28caf,a6014b95bf989af9bbacd663fa7df196e1bbc243774c185eb45a61d74199699d,f8e1a8ced739f52a900d8e579e96becdb45b986f1789d0666f5aa1a3362a919d
P1-TASK/attempt-01/train/episode-79,TASK,training,train,79,2101,,1101,600,39,0.08936644224260452,0.35590849868276603,0.5866118483677479,0.349763892323768,0,0.0,0.0,False,True,wrapper_decision_limit,3ccec9f0cd2767718326da751ef78440969469d8c5b8dba04c35f28553ca43f6,a6014b95bf989af9bbacd663fa7df196e1bbc243774c185eb45a61d74199699d,f8e1a8ced739f52a900d8e579e96becdb45b986f1789d0666f5aa1a3362a919d
P1-TASK/attempt-01/train/episode-80,TASK,training,train,80,2101,,1101,600,39,0.06507292803793858,0.40336403673747956,0.675455158956083,0.384457108798641,4,0.0,0.0,False,True,wrapper_decision_limit,f2b6e749675b334145e2f8c1fd1fe071870e0f74ed3b6c0a15ad977613bc797c,a6014b95bf989af9bbacd663fa7df196e1bbc243774c185eb45a61d74199699d,f8e1a8ced739f52a900d8e579e96becdb45b986f1789d0666f5aa1a3362a919d
P1-TASK/attempt-01/train/episode-81,TASK,training,train,81,2101,,1101,600,39,0.29786017223688227,0.36485317975615583,0.5716466794828825,0.3917368818791795,0,1.0,1.0,False,True,wrapper_decision_limit,2374482031e8bc3b002fa3fbf3ab1d9369ea7ed3096877e00600564dab2a82d9,a6014b95bf989af9bbacd663fa7df196e1bbc243774c185eb45a61d74199699d,f8e1a8ced739f52a900d8e579e96becdb45b986f1789d0666f5aa1a3362a919d
P1-TASK/attempt-01/train/episode-82,TASK,training,train,82,2101,,1101,600,39,0.09800445335324981,0.3561014822804293,0.5212523401957496,0.3447166711095109,2,0.0,0.0,False,True,wrapper_decision_limit,9024adc9e8101820efb404c52cf5b5939a5518ac311eec7faa4656c2e976b6d0,a6014b95bf989af9bbacd663fa7df196e1bbc243774c185eb45a61d74199699d,f8e1a8ced739f52a900d8e579e96becdb45b986f1789d0666f5aa1a3362a919d
P1-TASK/attempt-01/train/episode-83,TASK,training,train,83,2101,,1101,600,39,0.07191079289058203,0.3555076107349745,0.5958277024773679,0.34133005773948416,5,0.0,0.0,False,True,wrapper_decision_limit,805ad6f2cae1dbd32b0faf4efc0d8298f40313a6a685ddf655cba67fdd606cdd,a6014b95bf989af9bbacd663fa7df196e1bbc243774c185eb45a61d74199699d,f8e1a8ced739f52a900d8e579e96becdb45b986f1789d0666f5aa1a3362a919d
P1-TASK/attempt-01/train/episode-84,TASK,training,train,84,2101,,1101,600,39,0.2906840567129579,0.42074643374850734,0.6385948595266484,0.42074367611491525,0,1.0,1.0,False,True,wrapper_decision_limit,67296bd5afca6bbebd5b98c6e712e251183c2371830b001d31d649ed75462b28,a6014b95bf989af9bbacd663fa7df196e1bbc243774c185eb45a61d74199699d,f8e1a8ced739f52a900d8e579e96becdb45b986f1789d0666f5aa1a3362a919d
P1-TASK/attempt-01/train/episode-85,TASK,training,train,85,2101,,1101,600,39,0.22365539571425544,0.3570391589614489,0.5477520918686078,0.3609292324662455,0,1.0,1.0,False,True,wrapper_decision_limit,b88738981ec0b17afbe3347488b2e4dbcd5daca5d180f3a2c91ab7751458ba43,a6014b95bf989af9bbacd663fa7df196e1bbc243774c185eb45a61d74199699d,f8e1a8ced739f52a900d8e579e96becdb45b986f1789d0666f5aa1a3362a919d
P1-TASK/attempt-01/train/episode-86,TASK,training,train,86,2101,,1101,200,12,0.2902206845378024,0.39889132333855815,0.5630421491432525,0.4147618201608574,0,0.0,0.0,False,False,collection_budget_fragment,848fc632bda2b9714540871a1a86c90a18d96f8d122c169372c400d4069e7e0d,a6014b95bf989af9bbacd663fa7df196e1bbc243774c185eb45a61d74199699d,f8e1a8ced739f52a900d8e579e96becdb45b986f1789d0666f5aa1a3362a919d
P1-TASK/attempt-01/evaluate-3001/episode-1,TASK,evaluation,evaluate-3001,1,3001,,1101,600,39,0.02890050681285239,0.24884027711837806,0.7013393475352717,0.2771210379538286,6,0.0,0.0,False,True,wrapper_decision_limit,937cc69279fbb63b50cd7c59b7966a6eeeef698d5ced442908864e27f0493a31,a6014b95bf989af9bbacd663fa7df196e1bbc243774c185eb45a61d74199699d,01441e8be5dd3b7aad0ab471a104e44a0f09e1d899277f95f95eefd859f09704
P1-TASK/attempt-01/evaluate-3002/episode-1,TASK,evaluation,evaluate-3002,1,3002,,1101,600,39,0.02890050681285239,0.24884027711837806,0.7013393475352717,0.2771210379538286,6,0.0,0.0,False,True,wrapper_decision_limit,937cc69279fbb63b50cd7c59b7966a6eeeef698d5ced442908864e27f0493a31,a6014b95bf989af9bbacd663fa7df196e1bbc243774c185eb45a61d74199699d,50451d490cb8a871375b4215cfe803eac8c7450c789f8554b38234ae4b60c629
P1-TASK/attempt-01/evaluate-3003/episode-1,TASK,evaluation,evaluate-3003,1,3003,,1101,600,39,0.02890050681285239,0.24884027711837806,0.7013393475352717,0.2771210379538286,6,0.0,0.0,False,True,wrapper_decision_limit,937cc69279fbb63b50cd7c59b7966a6eeeef698d5ced442908864e27f0493a31,a6014b95bf989af9bbacd663fa7df196e1bbc243774c185eb45a61d74199699d,9482d0af7e371fcc0d7db979cdae5ad1a5d56e7a5938758e0ea1c42981fde67b
P1-TASK/attempt-01/evaluate-3004/episode-1,TASK,evaluation,evaluate-3004,1,3004,,1101,600,39,0.02890050681285239,0.24884027711837806,0.7013393475352717,0.2771210379538286,6,0.0,0.0,False,True,wrapper_decision_limit,937cc69279fbb63b50cd7c59b7966a6eeeef698d5ced442908864e27f0493a31,a6014b95bf989af9bbacd663fa7df196e1bbc243774c185eb45a61d74199699d,f932a45c90de05701a9addf938a1fcb4dc4851aa5fa627441fd3fc53db3e5bfd
P1-TASK/attempt-01/evaluate-3005/episode-1,TASK,evaluation,evaluate-3005,1,3005,,1101,600,39,0.02890050681285239,0.24884027711837806,0.7013393475352717,0.2771210379538286,6,0.0,0.0,False,True,wrapper_decision_limit,937cc69279fbb63b50cd7c59b7966a6eeeef698d5ced442908864e27f0493a31,a6014b95bf989af9bbacd663fa7df196e1bbc243774c185eb45a61d74199699d,d0f7f7232996954e2e7ca82d502efab0591487339acbe368fd4e4e2dc920132c
P1-TASK/attempt-01/evaluate-3006/episode-1,TASK,evaluation,evaluate-3006,1,3006,,1101,600,39,0.02890050681285239,0.24884027711837806,0.7013393475352717,0.2771210379538286,6,0.0,0.0,False,True,wrapper_decision_limit,937cc69279fbb63b50cd7c59b7966a6eeeef698d5ced442908864e27f0493a31,a6014b95bf989af9bbacd663fa7df196e1bbc243774c185eb45a61d74199699d,e219cf20ddbc31cdb1bedebd0547e9c6bb01c69f719d7909e476a56615d10edf
P1-TASK/attempt-01/evaluate-3007/episode-1,TASK,evaluation,evaluate-3007,1,3007,,1101,600,39,0.02890050681285239,0.24884027711837806,0.7013393475352717,0.2771210379538286,6,0.0,0.0,False,True,wrapper_decision_limit,937cc69279fbb63b50cd7c59b7966a6eeeef698d5ced442908864e27f0493a31,a6014b95bf989af9bbacd663fa7df196e1bbc243774c185eb45a61d74199699d,d226ef9c5e3dfae1d715e5592b0be94afdbf1509c55f612a8c81ef91c23ee69c
P1-TASK/attempt-01/evaluate-3008/episode-1,TASK,evaluation,evaluate-3008,1,3008,,1101,600,39,0.02890050681285239,0.24884027711837806,0.7013393475352717,0.2771210379538286,6,0.0,0.0,False,True,wrapper_decision_limit,937cc69279fbb63b50cd7c59b7966a6eeeef698d5ced442908864e27f0493a31,a6014b95bf989af9bbacd663fa7df196e1bbc243774c185eb45a61d74199699d,1603c5329db9ad5c902a5ae6a8608e92f701ef60ea2b0cf6669ca99fd746cc7e
P1-TASK/attempt-01/evaluate-3009/episode-1,TASK,evaluation,evaluate-3009,1,3009,,1101,600,39,0.02890050681285239,0.24884027711837806,0.7013393475352717,0.2771210379538286,6,0.0,0.0,False,True,wrapper_decision_limit,937cc69279fbb63b50cd7c59b7966a6eeeef698d5ced442908864e27f0493a31,a6014b95bf989af9bbacd663fa7df196e1bbc243774c185eb45a61d74199699d,a0c1cda536439c8f695377c1354037673070e22cdac75cf2e512df88ae222c0c
P1-TASK/attempt-01/evaluate-3010/episode-1,TASK,evaluation,evaluate-3010,1,3010,,1101,600,39,0.02890050681285239,0.24884027711837806,0.7013393475352717,0.2771210379538286,6,0.0,0.0,False,True,wrapper_decision_limit,937cc69279fbb63b50cd7c59b7966a6eeeef698d5ced442908864e27f0493a31,a6014b95bf989af9bbacd663fa7df196e1bbc243774c185eb45a61d74199699d,fc8db13411b06ccb540db2f52ad283a6eeff51c745c1dd0e00d5a0d074f36bab
P1-MAX/attempt-01/train/episode-1,MAX,training,train,1,2102,,1102,600,39,0.2086914255162534,0.4518374472880621,0.6713853325801507,0.4322811294477864,0,1.0,1.0,False,True,wrapper_decision_limit,183dc8c54ef44a67fd4576b79abb8a62a763f2c3df04cb0bb3d48116a3f19774,e2ce615e6bef05fd2f73831af4c160cd5fc9db972849ae87fb67bd410bfb27c3,258af851123eb464eff2c7451ca712cac226df30b1032675e0320a2a5861be33
P1-MAX/attempt-01/train/episode-2,MAX,training,train,2,2102,,1102,600,39,0.08987156963163519,0.3787465021637114,0.6029042079301371,0.38202340479628494,0,0.0,0.0,False,True,wrapper_decision_limit,71018ad223d953150b906aca12da5aa08fc09acf8ee892bb1a6a329077295b25,e2ce615e6bef05fd2f73831af4c160cd5fc9db972849ae87fb67bd410bfb27c3,258af851123eb464eff2c7451ca712cac226df30b1032675e0320a2a5861be33
P1-MAX/attempt-01/train/episode-3,MAX,training,train,3,2102,,1102,600,39,0.08460331285384577,0.4399998608978163,0.6933161779276834,0.4338031195657369,1,0.0,0.0,False,True,wrapper_decision_limit,16a1f4f8f512ac32af1a6f18c270d4ceaa49a980958df633f23fd2223800aa4c,e2ce615e6bef05fd2f73831af4c160cd5fc9db972849ae87fb67bd410bfb27c3,258af851123eb464eff2c7451ca712cac226df30b1032675e0320a2a5861be33
P1-MAX/attempt-01/train/episode-4,MAX,training,train,4,2102,,1102,600,39,0.12383572469931665,0.40755025369477627,0.6456645202064826,0.3835714825712293,0,0.0,0.0,False,True,wrapper_decision_limit,7747c5dcdb8c8d4640055567729a188a6c10ff0add95e6343ed20c62e599529a,e2ce615e6bef05fd2f73831af4c160cd5fc9db972849ae87fb67bd410bfb27c3,258af851123eb464eff2c7451ca712cac226df30b1032675e0320a2a5861be33
P1-MAX/attempt-01/train/episode-5,MAX,training,train,5,2102,,1102,600,39,0.12839190790084215,0.41703205285356015,0.7964611049764667,0.43155815937806863,6,0.0,0.0,False,True,wrapper_decision_limit,61f4f13427cfd514c089dae0411e10d3e47a35b7819e145eb4d5d9ac07ccc086,e2ce615e6bef05fd2f73831af4c160cd5fc9db972849ae87fb67bd410bfb27c3,258af851123eb464eff2c7451ca712cac226df30b1032675e0320a2a5861be33
P1-MAX/attempt-01/train/episode-6,MAX,training,train,6,2102,,1102,600,39,0.09380861698662646,0.34026861231982164,0.5506257528368927,0.3415886778273105,11,0.0,0.0,False,True,wrapper_decision_limit,e1da57be7e4bed469defa10cebb2bef90fa30b8c04ab4e564c0bd566eeec8c13,e2ce615e6bef05fd2f73831af4c160cd5fc9db972849ae87fb67bd410bfb27c3,258af851123eb464eff2c7451ca712cac226df30b1032675e0320a2a5861be33
P1-MAX/attempt-01/train/episode-7,MAX,training,train,7,2102,,1102,600,39,0.10050781654995881,0.3868115421355067,0.5954972840598826,0.37290111439420076,0,0.0,0.0,False,True,wrapper_decision_limit,086073a4bdd0b5541a082fb23c898da00fc9ff62797f5f9d31ca29fddff091cc,e2ce615e6bef05fd2f73831af4c160cd5fc9db972849ae87fb67bd410bfb27c3,258af851123eb464eff2c7451ca712cac226df30b1032675e0320a2a5861be33
P1-MAX/attempt-01/train/episode-8,MAX,training,train,8,2102,,1102,600,39,0.07938683797289847,0.38946306812806775,0.5732963664454195,0.38317491525701025,0,0.0,0.0,False,True,wrapper_decision_limit,20bad72733190bfc5c397b50ab7c50c572e5b968faf0fdda74bebabe17242658,e2ce615e6bef05fd2f73831af4c160cd5fc9db972849ae87fb67bd410bfb27c3,258af851123eb464eff2c7451ca712cac226df30b1032675e0320a2a5861be33
P1-MAX/attempt-01/train/episode-9,MAX,training,train,9,2102,,1102,600,39,0.11023006882976319,0.4282988108698129,0.769595938437996,0.42752974391390036,0,0.0,0.0,False,True,wrapper_decision_limit,e3a7f4162d02cfff4d15327bfc04bb654e320cb6222d95f3ce7566115a132a2c,e2ce615e6bef05fd2f73831af4c160cd5fc9db972849ae87fb67bd410bfb27c3,258af851123eb464eff2c7451ca712cac226df30b1032675e0320a2a5861be33
P1-MAX/attempt-01/train/episode-10,MAX,training,train,10,2102,,1102,600,39,0.08312320133352442,0.4113448041390836,0.6592838214125789,0.4153445715332643,1,0.0,0.0,False,True,wrapper_decision_limit,ad4f48acdd617527359e0812a25222cd3a356a6677a445cfc6c1d492dbbd3c3e,e2ce615e6bef05fd2f73831af4c160cd5fc9db972849ae87fb67bd410bfb27c3,258af851123eb464eff2c7451ca712cac226df30b1032675e0320a2a5861be33
P1-MAX/attempt-01/train/episode-11,MAX,training,train,11,2102,,1102,600,39,0.11565886069106587,0.4230039318741716,0.5890296629560936,0.41270266511252235,2,0.0,0.0,False,True,wrapper_decision_limit,23edba68f5092d834205a576aeb7ea8b620c28c8acdaab13f9ab7217e70fd16b,e2ce615e6bef05fd2f73831af4c160cd5fc9db972849ae87fb67bd410bfb27c3,258af851123eb464eff2c7451ca712cac226df30b1032675e0320a2a5861be33
P1-MAX/attempt-01/train/episode-12,MAX,training,train,12,2102,,1102,600,39,0.0965615461308535,0.441828631470761,0.6391785504469869,0.4163959796802894,1,0.0,0.0,False,True,wrapper_decision_limit,f00677409e2f7bd09af041efb20d9d4cfa6143952c3f49175469ea696be0f575,e2ce615e6bef05fd2f73831af4c160cd5fc9db972849ae87fb67bd410bfb27c3,258af851123eb464eff2c7451ca712cac226df30b1032675e0320a2a5861be33
P1-MAX/attempt-01/train/episode-13,MAX,training,train,13,2102,,1102,600,39,0.12395156573474655,0.43648074320699315,0.7123669157675259,0.439487615338426,0,0.0,0.0,False,True,wrapper_decision_limit,ae1f876baae69bd963d7ad8ff14cfce7aac6237cc830ff393d581abe91fa5a9c,e2ce615e6bef05fd2f73831af4c160cd5fc9db972849ae87fb67bd410bfb27c3,258af851123eb464eff2c7451ca712cac226df30b1032675e0320a2a5861be33
P1-MAX/attempt-01/train/episode-14,MAX,training,train,14,2102,,1102,600,39,0.16797061053671283,0.4020769987299252,0.660337697064976,0.39051701489468255,0,0.0,0.0,False,True,wrapper_decision_limit,510be1f1cf2c65433b5f2ab4dd4a2bf6d2cde61e02e7e6c60fbc434b875ea561,e2ce615e6bef05fd2f73831af4c160cd5fc9db972849ae87fb67bd410bfb27c3,258af851123eb464eff2c7451ca712cac226df30b1032675e0320a2a5861be33
P1-MAX/attempt-01/train/episode-15,MAX,training,train,15,2102,,1102,600,39,0.06735512469855272,0.3915863946294988,0.6561711317011695,0.37070171713483546,6,0.0,0.0,False,True,wrapper_decision_limit,7bced93b41a30a2672c3da2c604c47b94622edf6a17acfda5f5118b7c0ebc025,e2ce615e6bef05fd2f73831af4c160cd5fc9db972849ae87fb67bd410bfb27c3,258af851123eb464eff2c7451ca712cac226df30b1032675e0320a2a5861be33
P1-MAX/attempt-01/train/episode-16,MAX,training,train,16,2102,,1102,600,39,0.08229040410205143,0.44139931776777874,0.5964338807490408,0.42430194153967193,0,0.0,0.0,False,True,wrapper_decision_limit,2d62155bf0db282910fc1b5193e2e434127087619f8f585ce0b0a291c8b743c3,e2ce615e6bef05fd2f73831af4c160cd5fc9db972849ae87fb67bd410bfb27c3,258af851123eb464eff2c7451ca712cac226df30b1032675e0320a2a5861be33
P1-MAX/attempt-01/train/episode-17,MAX,training,train,17,2102,,1102,600,39,0.1186267461419624,0.385839143760257,0.5669031856664082,0.36877344184886446,0,0.0,0.0,False,True,wrapper_decision_limit,e464d1b8bd334c2c88e1b0232822eb11d65062055b6889bfed5ea6e32ecc73df,e2ce615e6bef05fd2f73831af4c160cd5fc9db972849ae87fb67bd410bfb27c3,258af851123eb464eff2c7451ca712cac226df30b1032675e0320a2a5861be33
P1-MAX/attempt-01/train/episode-18,MAX,training,train,18,2102,,1102,600,39,0.14168458558548644,0.38192656382911083,0.518348812572986,0.37530063773115446,0,0.0,0.0,False,True,wrapper_decision_limit,809ad0bdd956f538137dc6e449adab3b35f7a0b575627f2714fea08e27309b3f,e2ce615e6bef05fd2f73831af4c160cd5fc9db972849ae87fb67bd410bfb27c3,258af851123eb464eff2c7451ca712cac226df30b1032675e0320a2a5861be33
P1-MAX/attempt-01/train/episode-19,MAX,training,train,19,2102,,1102,600,39,0.12183064498297427,0.43444001965788565,0.6114868297795608,0.4352107419517236,0,0.0,0.0,False,True,wrapper_decision_limit,ec33666262f9631166dfeb5f29fdc0d373affe0c0cfcbaa537850d59c5bc81d9,e2ce615e6bef05fd2f73831af4c160cd5fc9db972849ae87fb67bd410bfb27c3,258af851123eb464eff2c7451ca712cac226df30b1032675e0320a2a5861be33
P1-MAX/attempt-01/train/episode-20,MAX,training,train,20,2102,,1102,600,39,0.14742806592753527,0.41009445504706016,0.5943571520647953,0.4070012744092376,0,0.0,0.0,False,True,wrapper_decision_limit,aa5242ef5e04d41ed323b5aaf5a5ed634af0ea857502d19a5ff18f4fbdea31f3,e2ce615e6bef05fd2f73831af4c160cd5fc9db972849ae87fb67bd410bfb27c3,258af851123eb464eff2c7451ca712cac226df30b1032675e0320a2a5861be33
P1-MAX/attempt-01/train/episode-21,MAX,training,train,21,2102,,1102,600,39,0.2523839469820879,0.4104621980804075,0.7081336067565942,0.4219270642951787,0,1.0,1.0,False,True,wrapper_decision_limit,747da86dd5d890cc8fa5ccefaad333e0260875eb9c2727e55c84eacba4ce994c,e2ce615e6bef05fd2f73831af4c160cd5fc9db972849ae87fb67bd410bfb27c3,258af851123eb464eff2c7451ca712cac226df30b1032675e0320a2a5861be33
P1-MAX/attempt-01/train/episode-22,MAX,training,train,22,2102,,1102,600,39,0.07943548826996313,0.42724054336535067,0.5816935025156434,0.4034807924212189,2,0.0,0.0,False,True,wrapper_decision_limit,428e76d353d084680d795d4d0050960305c8ffbc66240446dfb442719e18b72f,e2ce615e6bef05fd2f73831af4c160cd5fc9db972849ae87fb67bd410bfb27c3,258af851123eb464eff2c7451ca712cac226df30b1032675e0320a2a5861be33
P1-MAX/attempt-01/train/episode-23,MAX,training,train,23,2102,,1102,600,39,0.09524345345637653,0.38612126582730755,0.5422285246011791,0.3680558082713281,0,0.0,0.0,False,True,wrapper_decision_limit,c3b0f7b6dea0df9f05cb8dd515a7e1061a47a7febd58a52c4cc4e253491ff345,e2ce615e6bef05fd2f73831af4c160cd5fc9db972849ae87fb67bd410bfb27c3,258af851123eb464eff2c7451ca712cac226df30b1032675e0320a2a5861be33
P1-MAX/attempt-01/train/episode-24,MAX,training,train,24,2102,,1102,600,39,0.11128391976449907,0.39849001714888227,0.6275680456217747,0.39261165495942035,0,0.0,0.0,False,True,wrapper_decision_limit,6a4c156061d2444191dc3f15f36db54d46ea36075fbce90b0140bd09b964bc71,e2ce615e6bef05fd2f73831af4c160cd5fc9db972849ae87fb67bd410bfb27c3,258af851123eb464eff2c7451ca712cac226df30b1032675e0320a2a5861be33
P1-MAX/attempt-01/train/episode-25,MAX,training,train,25,2102,,1102,600,39,0.07551408415985969,0.42627331976014665,0.6573941237632435,0.4044745948310656,5,0.0,0.0,False,True,wrapper_decision_limit,49f8b32f36f2338e04e77a22b31db22b09fd8099f29b807ee17e2732e01291b9,e2ce615e6bef05fd2f73831af4c160cd5fc9db972849ae87fb67bd410bfb27c3,258af851123eb464eff2c7451ca712cac226df30b1032675e0320a2a5861be33
P1-MAX/attempt-01/train/episode-26,MAX,training,train,26,2102,,1102,600,39,0.1253436317014647,0.39502520724534895,0.7131865491644569,0.43797056092034775,2,0.0,0.0,False,True,wrapper_decision_limit,d512997af9493b15774a01eb656ad1a3391b2c8d05308e2bf44f46960b097e23,e2ce615e6bef05fd2f73831af4c160cd5fc9db972849ae87fb67bd410bfb27c3,258af851123eb464eff2c7451ca712cac226df30b1032675e0320a2a5861be33
P1-MAX/attempt-01/train/episode-27,MAX,training,train,27,2102,,1102,600,39,0.08686700616159908,0.4228508058070136,0.6775189215244584,0.417318708678898,0,0.0,0.0,False,True,wrapper_decision_limit,14515e3ab1c74ad53cc106abb65b1c1d0599e141785e60b65c3c52374ad143f2,e2ce615e6bef05fd2f73831af4c160cd5fc9db972849ae87fb67bd410bfb27c3,258af851123eb464eff2c7451ca712cac226df30b1032675e0320a2a5861be33
P1-MAX/attempt-01/train/episode-28,MAX,training,train,28,2102,,1102,600,39,0.10702191463623156,0.44769620974920077,0.7151835420089144,0.4586901825187833,0,0.0,0.0,False,True,wrapper_decision_limit,68502f24d868104a17b605d227fde306c79a0a0b3dc9f95defdb23b4c4185376,e2ce615e6bef05fd2f73831af4c160cd5fc9db972849ae87fb67bd410bfb27c3,258af851123eb464eff2c7451ca712cac226df30b1032675e0320a2a5861be33
P1-MAX/attempt-01/train/episode-29,MAX,training,train,29,2102,,1102,600,39,0.05423316043520321,0.43520760532514197,0.5662614589375451,0.40274192194303016,1,0.0,0.0,False,True,wrapper_decision_limit,dffe2c493c3ac59c7d03a1672357245569cbc9867dc39ccf6a93817916496f93,e2ce615e6bef05fd2f73831af4c160cd5fc9db972849ae87fb67bd410bfb27c3,258af851123eb464eff2c7451ca712cac226df30b1032675e0320a2a5861be33
P1-MAX/attempt-01/train/episode-30,MAX,training,train,30,2102,,1102,600,39,0.310111885046567,0.46837755493655964,0.643593725137593,0.4732772222444868,0,1.0,1.0,False,True,wrapper_decision_limit,3ddbc59a3920c15cba399b993522eaeec99a7a4f4656253d0be38676149d3f2b,e2ce615e6bef05fd2f73831af4c160cd5fc9db972849ae87fb67bd410bfb27c3,258af851123eb464eff2c7451ca712cac226df30b1032675e0320a2a5861be33
P1-MAX/attempt-01/train/episode-31,MAX,training,train,31,2102,,1102,600,39,0.07194605815009639,0.4223565579165398,0.6704714051142808,0.42510186699393215,6,0.0,0.0,False,True,wrapper_decision_limit,6685325993b277ec2a60731a8e88bf3c53fd69b9d97eded9b07b4f7dd0b3c557,e2ce615e6bef05fd2f73831af4c160cd5fc9db972849ae87fb67bd410bfb27c3,258af851123eb464eff2c7451ca712cac226df30b1032675e0320a2a5861be33
P1-MAX/attempt-01/train/episode-32,MAX,training,train,32,2102,,1102,600,39,0.18577028109271704,0.4725432123990694,0.7672358076838119,0.46724196722364386,2,1.0,1.0,False,True,wrapper_decision_limit,d20f7f1aa76b7ef3435fe11dba4d3c0ae650ce10f021ec55ec4d91825aae603d,e2ce615e6bef05fd2f73831af4c160cd5fc9db972849ae87fb67bd410bfb27c3,258af851123eb464eff2c7451ca712cac226df30b1032675e0320a2a5861be33
P1-MAX/attempt-01/train/episode-33,MAX,training,train,33,2102,,1102,600,39,0.15429341263040441,0.4850863548155072,0.7161301672293222,0.4670633578645543,1,0.0,0.0,False,True,wrapper_decision_limit,d4f34dfcd532ab0ada1feb6bae0b25578324af85ae83514481504d299c66df21,e2ce615e6bef05fd2f73831af4c160cd5fc9db972849ae87fb67bd410bfb27c3,258af851123eb464eff2c7451ca712cac226df30b1032675e0320a2a5861be33
P1-MAX/attempt-01/train/episode-34,MAX,training,train,34,2102,,1102,600,39,0.3495352150104816,0.5122473866842776,0.7116015877830566,0.5224567153207621,2,0.0,0.0,False,True,wrapper_decision_limit,7955dbbec83efa564b9815edf636a59e3973fce8bf11c28a7bdc88ce291db28a,e2ce615e6bef05fd2f73831af4c160cd5fc9db972849ae87fb67bd410bfb27c3,258af851123eb464eff2c7451ca712cac226df30b1032675e0320a2a5861be33
P1-MAX/attempt-01/train/episode-35,MAX,training,train,35,2102,,1102,600,39,0.15331982431891958,0.4311365203773194,0.6370680176022977,0.4331423817825634,0,0.0,0.0,False,True,wrapper_decision_limit,f7650c6806025c4883fd5e231c1110768274bf0de4757b14b042e739641cc513,e2ce615e6bef05fd2f73831af4c160cd5fc9db972849ae87fb67bd410bfb27c3,258af851123eb464eff2c7451ca712cac226df30b1032675e0320a2a5861be33
P1-MAX/attempt-01/train/episode-36,MAX,training,train,36,2102,,1102,600,39,0.32746242659362435,0.4770882553672456,0.6802698992638783,0.4913791852001779,0,1.0,1.0,False,True,wrapper_decision_limit,cce751061b719430cecd468a8f4ea061f900afa42d684a7c31895973bc7bb0f5,e2ce615e6bef05fd2f73831af4c160cd5fc9db972849ae87fb67bd410bfb27c3,258af851123eb464eff2c7451ca712cac226df30b1032675e0320a2a5861be33
P1-MAX/attempt-01/train/episode-37,MAX,training,train,37,2102,,1102,600,39,0.15715249185774388,0.46631446046325775,0.7516639709740626,0.45451839343473677,0,0.0,0.0,False,True,wrapper_decision_limit,a292ee2fe2ab6ea00e12a3ec16404c649dbfaafea6fb3388e49a43fd4874ebfe,e2ce615e6bef05fd2f73831af4c160cd5fc9db972849ae87fb67bd410bfb27c3,258af851123eb464eff2c7451ca712cac226df30b1032675e0320a2a5861be33
P1-MAX/attempt-01/train/episode-38,MAX,training,train,38,2102,,1102,600,39,0.10070252783156006,0.4570704301149693,0.7322479541264644,0.4405498334052336,1,0.0,0.0,False,True,wrapper_decision_limit,e637ffc15d7133c5f7cac236bc1d5d4ba64a957a6a8b81171bee9d02f9b31727,e2ce615e6bef05fd2f73831af4c160cd5fc9db972849ae87fb67bd410bfb27c3,258af851123eb464eff2c7451ca712cac226df30b1032675e0320a2a5861be33
P1-MAX/attempt-01/train/episode-39,MAX,training,train,39,2102,,1102,600,39,0.12285034219999205,0.4496752454144394,0.690420073030572,0.44348333279067137,0,0.0,0.0,False,True,wrapper_decision_limit,ab3b71607515e51f251fea3b02a210469b7d9c870a2c17143ba0b4c5967ef74a,e2ce615e6bef05fd2f73831af4c160cd5fc9db972849ae87fb67bd410bfb27c3,258af851123eb464eff2c7451ca712cac226df30b1032675e0320a2a5861be33
P1-MAX/attempt-01/train/episode-40,MAX,training,train,40,2102,,1102,600,39,0.16474772363914686,0.5062477408052054,0.728137411096661,0.5054487602070802,0,0.0,0.0,False,True,wrapper_decision_limit,05a64bed668c352e54979526008a0ac33895e12d5528b7237361bece894f9293,e2ce615e6bef05fd2f73831af4c160cd5fc9db972849ae87fb67bd410bfb27c3,258af851123eb464eff2c7451ca712cac226df30b1032675e0320a2a5861be33
P1-MAX/attempt-01/train/episode-41,MAX,training,train,41,2102,,1102,600,39,0.12568858923620424,0.4894990300863812,0.7245600509291524,0.47237533338632715,0,0.0,0.0,False,True,wrapper_decision_limit,38f3620eba2d4fae951d564b61298bc410b9bce155d41a46078bff401f0a5618,e2ce615e6bef05fd2f73831af4c160cd5fc9db972849ae87fb67bd410bfb27c3,258af851123eb464eff2c7451ca712cac226df30b1032675e0320a2a5861be33
P1-MAX/attempt-01/train/episode-42,MAX,training,train,42,2102,,1102,600,39,0.18635948448728296,0.5185378328290418,0.6769965908578343,0.5070437689628786,0,0.0,0.0,False,True,wrapper_decision_limit,d8a1db9a7dac49939ba1c9ea2e11256bdcdaa7c5a0758b8962605fa70379eecd,e2ce615e6bef05fd2f73831af4c160cd5fc9db972849ae87fb67bd410bfb27c3,258af851123eb464eff2c7451ca712cac226df30b1032675e0320a2a5861be33
P1-MAX/attempt-01/train/episode-43,MAX,training,train,43,2102,,1102,600,39,0.2637073275347352,0.4889326097673038,0.7182508890632006,0.489559843013925,0,0.0,0.0,False,True,wrapper_decision_limit,c9fabb3ff3cc8a467fcc0b856ce3ddaf6b9743e66d1ba5bf91276d1bfc501322,e2ce615e6bef05fd2f73831af4c160cd5fc9db972849ae87fb67bd410bfb27c3,258af851123eb464eff2c7451ca712cac226df30b1032675e0320a2a5861be33
P1-MAX/attempt-01/train/episode-44,MAX,training,train,44,2102,,1102,600,39,0.18139027678345118,0.48224319552622585,0.68166898076009,0.4817779832985721,0,0.0,0.0,False,True,wrapper_decision_limit,150228176cf5a53e7d13d60e8933694ea9bc12e08b4f1d62cc25df697d80b012,e2ce615e6bef05fd2f73831af4c160cd5fc9db972849ae87fb67bd410bfb27c3,258af851123eb464eff2c7451ca712cac226df30b1032675e0320a2a5861be33
P1-MAX/attempt-01/train/episode-45,MAX,training,train,45,2102,,1102,600,39,0.18931350375163583,0.5484939320635288,0.6675502891838418,0.5278146276424435,0,0.0,0.0,False,True,wrapper_decision_limit,4fcae88b986e73ff89e13e4304d8ae5ffedd1e76de23ccc43631ce21c0021e9d,e2ce615e6bef05fd2f73831af4c160cd5fc9db972849ae87fb67bd410bfb27c3,258af851123eb464eff2c7451ca712cac226df30b1032675e0320a2a5861be33
P1-MAX/attempt-01/train/episode-46,MAX,training,train,46,2102,,1102,600,39,0.2536568209496714,0.6314781586623719,0.8880769488904233,0.6108616659767966,2,0.0,0.0,False,True,wrapper_decision_limit,13d8207fe071f03b4fbb14037b61892059e5ae979c7a3f7f29bfaf7c1f6c8b67,e2ce615e6bef05fd2f73831af4c160cd5fc9db972849ae87fb67bd410bfb27c3,258af851123eb464eff2c7451ca712cac226df30b1032675e0320a2a5861be33
P1-MAX/attempt-01/train/episode-47,MAX,training,train,47,2102,,1102,600,39,0.24529247846641306,0.5575101991077626,0.7019924897096951,0.5399064523921505,0,0.0,0.0,False,True,wrapper_decision_limit,300be9f3ec993078e9faf0307c808d4ab8e18dcc5c068ffbbed49805b30d8dea,e2ce615e6bef05fd2f73831af4c160cd5fc9db972849ae87fb67bd410bfb27c3,258af851123eb464eff2c7451ca712cac226df30b1032675e0320a2a5861be33
P1-MAX/attempt-01/train/episode-48,MAX,training,train,48,2102,,1102,600,39,0.10244012100762614,0.473725338859692,0.722234010857967,0.47591708660509535,0,0.0,0.0,False,True,wrapper_decision_limit,bedab800f9499993c499f28c85e5333d7376d2aaad24fd1fac3ad417524fd4da,e2ce615e6bef05fd2f73831af4c160cd5fc9db972849ae87fb67bd410bfb27c3,258af851123eb464eff2c7451ca712cac226df30b1032675e0320a2a5861be33
P1-MAX/attempt-01/train/episode-49,MAX,training,train,49,2102,,1102,600,39,0.1659195639986,0.523457905090053,0.7208970724901264,0.5258804309760226,0,0.0,0.0,False,True,wrapper_decision_limit,fbbee3ca35a2171a5b27f5838c6607107b1e2a3c6e5aa72e2e003979e65f3dc0,e2ce615e6bef05fd2f73831af4c160cd5fc9db972849ae87fb67bd410bfb27c3,258af851123eb464eff2c7451ca712cac226df30b1032675e0320a2a5861be33
P1-MAX/attempt-01/train/episode-50,MAX,training,train,50,2102,,1102,600,39,0.3479427877833567,0.5324378783980589,0.6560695356879158,0.5281009723133822,0,0.0,0.0,False,True,wrapper_decision_limit,89b3740915653a3884c8ada27fd72492225ad38de7f87c9807a0d6cd78ee2bd2,e2ce615e6bef05fd2f73831af4c160cd5fc9db972849ae87fb67bd410bfb27c3,258af851123eb464eff2c7451ca712cac226df30b1032675e0320a2a5861be33
P1-MAX/attempt-01/train/episode-51,MAX,training,train,51,2102,,1102,600,39,0.18249686858609865,0.5183793635514103,0.7437563513922426,0.49458084674065034,0,0.0,0.0,False,True,wrapper_decision_limit,df7f0b9abe1fba19c75acae269645e53f5f1e565f873182a549e7d7589d5db4e,e2ce615e6bef05fd2f73831af4c160cd5fc9db972849ae87fb67bd410bfb27c3,258af851123eb464eff2c7451ca712cac226df30b1032675e0320a2a5861be33
P1-MAX/attempt-01/train/episode-52,MAX,training,train,52,2102,,1102,600,39,0.14847086487517502,0.4803588525880526,0.7117969369855025,0.4756901918749005,0,1.0,1.0,False,True,wrapper_decision_limit,82f0ae5545497bbbc4adc465527ef4ff052980eb303ac0b935dba27a7c3e0990,e2ce615e6bef05fd2f73831af4c160cd5fc9db972849ae87fb67bd410bfb27c3,258af851123eb464eff2c7451ca712cac226df30b1032675e0320a2a5861be33
P1-MAX/attempt-01/train/episode-53,MAX,training,train,53,2102,,1102,600,39,0.10433569991779619,0.4931266656493875,0.6177712115394388,0.452615783058724,1,0.0,0.0,False,True,wrapper_decision_limit,a7c358bcecc4cab3ae8e78a81b6ad2acc40f910a4e36cc5151ddd3606aa34370,e2ce615e6bef05fd2f73831af4c160cd5fc9db972849ae87fb67bd410bfb27c3,258af851123eb464eff2c7451ca712cac226df30b1032675e0320a2a5861be33
P1-MAX/attempt-01/train/episode-54,MAX,training,train,54,2102,,1102,600,39,0.08345200965104482,0.5545851785839908,0.7587523855077409,0.5060744645336048,3,0.0,0.0,False,True,wrapper_decision_limit,7dc1516bbc50310d44980817a0c0d8e22729faacafc2a83b11b03428ff935da7,e2ce615e6bef05fd2f73831af4c160cd5fc9db972849ae87fb67bd410bfb27c3,258af851123eb464eff2c7451ca712cac226df30b1032675e0320a2a5861be33
P1-MAX/attempt-01/train/episode-55,MAX,training,train,55,2102,,1102,600,39,0.16165610210251183,0.53723342391797,0.7309766294337192,0.5268562104708159,2,0.0,0.0,False,True,wrapper_decision_limit,142509033890dfb4e8201337c3a043d804b97cec5046c3bab484d3964490287a,e2ce615e6bef05fd2f73831af4c160cd5fc9db972849ae87fb67bd410bfb27c3,258af851123eb464eff2c7451ca712cac226df30b1032675e0320a2a5861be33
P1-MAX/attempt-01/train/episode-56,MAX,training,train,56,2102,,1102,600,39,0.3819681338780458,0.5430136432894771,0.6872073756645769,0.541667722374305,0,0.0,0.0,False,True,wrapper_decision_limit,0a61e17a9f7ee74ce6a181a515de7467fb5033ed85c04c474dce61a73d2a68a1,e2ce615e6bef05fd2f73831af4c160cd5fc9db972849ae87fb67bd410bfb27c3,258af851123eb464eff2c7451ca712cac226df30b1032675e0320a2a5861be33
P1-MAX/attempt-01/train/episode-57,MAX,training,train,57,2102,,1102,600,39,0.1633879361941784,0.5343610408145698,0.706081766275298,0.5192588977022311,2,0.0,0.0,False,True,wrapper_decision_limit,90cb001c1647ad60e75b243318f916e0e95b4eb4d949f03bad3015721eab90eb,e2ce615e6bef05fd2f73831af4c160cd5fc9db972849ae87fb67bd410bfb27c3,258af851123eb464eff2c7451ca712cac226df30b1032675e0320a2a5861be33
P1-MAX/attempt-01/train/episode-58,MAX,training,train,58,2102,,1102,600,39,0.06373155732002256,0.5237571759122359,0.7147689822911693,0.4920020458560714,2,0.0,0.0,False,True,wrapper_decision_limit,602cb5caa0a65a6e4384e3cf1d9e77afcf55a407facec0dd774b78ca5eb83eee,e2ce615e6bef05fd2f73831af4c160cd5fc9db972849ae87fb67bd410bfb27c3,258af851123eb464eff2c7451ca712cac226df30b1032675e0320a2a5861be33
P1-MAX/attempt-01/train/episode-59,MAX,training,train,59,2102,,1102,600,39,0.14914037980909844,0.549533242369851,0.7926336199776067,0.5246360100071388,6,0.0,0.0,False,True,wrapper_decision_limit,28350e796c042884f703a2d285d91184f269e07ae6833a29fe5ae9493c884601,e2ce615e6bef05fd2f73831af4c160cd5fc9db972849ae87fb67bd410bfb27c3,258af851123eb464eff2c7451ca712cac226df30b1032675e0320a2a5861be33
P1-MAX/attempt-01/train/episode-60,MAX,training,train,60,2102,,1102,600,39,0.266161023764632,0.5234332078296969,0.7981987393619617,0.5242871124342035,0,1.0,1.0,False,True,wrapper_decision_limit,de750876ac585fb78eee37d42491139e74564400198091bca0e3556eaa725d51,e2ce615e6bef05fd2f73831af4c160cd5fc9db972849ae87fb67bd410bfb27c3,258af851123eb464eff2c7451ca712cac226df30b1032675e0320a2a5861be33
P1-MAX/attempt-01/train/episode-61,MAX,training,train,61,2102,,1102,600,39,0.2987451153694908,0.5535070250259251,0.7799153616300638,0.5400144036808141,0,1.0,1.0,False,True,wrapper_decision_limit,b371962e249346da5f87b1fcf5293a77b3981be0f2dc637f546040212fcc3f3a,e2ce615e6bef05fd2f73831af4c160cd5fc9db972849ae87fb67bd410bfb27c3,258af851123eb464eff2c7451ca712cac226df30b1032675e0320a2a5861be33
P1-MAX/attempt-01/train/episode-62,MAX,training,train,62,2102,,1102,600,39,0.2027777465478132,0.4872719098089293,0.6690935462489815,0.4838004242389346,2,0.0,0.0,False,True,wrapper_decision_limit,e5761a49e8e2199bacce69ef1860bc6a9fda91df089239b607ed809e98d01f45,e2ce615e6bef05fd2f73831af4c160cd5fc9db972849ae87fb67bd410bfb27c3,258af851123eb464eff2c7451ca712cac226df30b1032675e0320a2a5861be33
P1-MAX/attempt-01/train/episode-63,MAX,training,train,63,2102,,1102,600,39,0.18139834491565904,0.5126202574518011,0.8215220501915269,0.5152803355172966,2,1.0,1.0,False,True,wrapper_decision_limit,d696b7943a837e86927f121ab1f009cffe8f7c30440c3d22ff65f968cee85d31,e2ce615e6bef05fd2f73831af4c160cd5fc9db972849ae87fb67bd410bfb27c3,258af851123eb464eff2c7451ca712cac226df30b1032675e0320a2a5861be33
P1-MAX/attempt-01/train/episode-64,MAX,training,train,64,2102,,1102,600,39,0.0732872549174984,0.5343777975025809,0.7820558372542493,0.4904093309555964,3,0.0,0.0,False,True,wrapper_decision_limit,530a08e013fe9d53c0c974085066d625f60fc87ddfb3a1f8ef97dc8a3ed3f35a,e2ce615e6bef05fd2f73831af4c160cd5fc9db972849ae87fb67bd410bfb27c3,258af851123eb464eff2c7451ca712cac226df30b1032675e0320a2a5861be33
P1-MAX/attempt-01/train/episode-65,MAX,training,train,65,2102,,1102,600,39,0.08443357896845474,0.5309266633571397,0.7333806477486303,0.4923938690692278,2,0.0,0.0,False,True,wrapper_decision_limit,8b555c6dec197f9593f090c974be8226d516e6ef9f6fdc69c7a1a4267c757d0d,e2ce615e6bef05fd2f73831af4c160cd5fc9db972849ae87fb67bd410bfb27c3,258af851123eb464eff2c7451ca712cac226df30b1032675e0320a2a5861be33
P1-MAX/attempt-01/train/episode-66,MAX,training,train,66,2102,,1102,600,39,0.15058659065056956,0.5666249048119092,0.7228250375228564,0.545856564382281,2,1.0,1.0,False,True,wrapper_decision_limit,d4b3a871500c46053876ba806b3396776e830c13da94c8bdaf732d743f93cf56,e2ce615e6bef05fd2f73831af4c160cd5fc9db972849ae87fb67bd410bfb27c3,258af851123eb464eff2c7451ca712cac226df30b1032675e0320a2a5861be33
P1-MAX/attempt-01/train/episode-67,MAX,training,train,67,2102,,1102,600,39,0.1706505106572985,0.5094070388165005,0.7782909001477861,0.5078572534934287,4,0.0,0.0,False,True,wrapper_decision_limit,e24843e29b4eb546fd91ad5a210655f57b0125f92cc2fe86d1d35ed85c1bdda1,e2ce615e6bef05fd2f73831af4c160cd5fc9db972849ae87fb67bd410bfb27c3,258af851123eb464eff2c7451ca712cac226df30b1032675e0320a2a5861be33
P1-MAX/attempt-01/train/episode-68,MAX,training,train,68,2102,,1102,600,39,0.20892728313316083,0.5601593314226074,0.7793653520564414,0.538390211593355,0,0.0,0.0,False,True,wrapper_decision_limit,3436465695fcba908099bda63ddf8d66b3f009dde86f6da268795bed6d8d9f25,e2ce615e6bef05fd2f73831af4c160cd5fc9db972849ae87fb67bd410bfb27c3,258af851123eb464eff2c7451ca712cac226df30b1032675e0320a2a5861be33
P1-MAX/attempt-01/train/episode-69,MAX,training,train,69,2102,,1102,600,39,0.12239540911317877,0.5396528435020737,0.7935472824843577,0.5169233296333957,2,0.0,0.0,False,True,wrapper_decision_limit,0efa8cfc9d0c13e8a523ab96c401aa32d555e01973261d974c2f296d021803a1,e2ce615e6bef05fd2f73831af4c160cd5fc9db972849ae87fb67bd410bfb27c3,258af851123eb464eff2c7451ca712cac226df30b1032675e0320a2a5861be33
P1-MAX/attempt-01/train/episode-70,MAX,training,train,70,2102,,1102,600,39,0.3773534259598973,0.5436047886837143,0.7349416274850836,0.5492563821295762,3,0.0,0.0,False,True,wrapper_decision_limit,4b7d946c4da2bde4a1a9d6f383c19e11a8aea8a7743478414f68cef81afb9173,e2ce615e6bef05fd2f73831af4c160cd5fc9db972849ae87fb67bd410bfb27c3,258af851123eb464eff2c7451ca712cac226df30b1032675e0320a2a5861be33
P1-MAX/attempt-01/train/episode-71,MAX,training,train,71,2102,,1102,600,39,0.11176173832783513,0.5346150960623791,0.7413200250308003,0.5113035178004289,2,0.0,0.0,False,True,wrapper_decision_limit,702b3677fc2b055c8c30af91a80434974ed8c1f8f4b7f203804252fc13566c66,e2ce615e6bef05fd2f73831af4c160cd5fc9db972849ae87fb67bd410bfb27c3,258af851123eb464eff2c7451ca712cac226df30b1032675e0320a2a5861be33
P1-MAX/attempt-01/train/episode-72,MAX,training,train,72,2102,,1102,600,39,0.178034272002177,0.546778076062438,0.8310982638309683,0.5240532307721534,1,0.0,0.0,False,True,wrapper_decision_limit,463bc22f0db7a65491100c7a7a75f7c1ffcae7343d7798fe6cb44eb1580c671e,e2ce615e6bef05fd2f73831af4c160cd5fc9db972849ae87fb67bd410bfb27c3,258af851123eb464eff2c7451ca712cac226df30b1032675e0320a2a5861be33
P1-MAX/attempt-01/train/episode-73,MAX,training,train,73,2102,,1102,600,39,0.12809767009361805,0.47465702314839053,0.758332321031061,0.49092670355038376,3,1.0,1.0,False,True,wrapper_decision_limit,f62acb74ce07dec22130ac9930b97cf36bb47ad55c79645db22becc1f625e2a4,e2ce615e6bef05fd2f73831af4c160cd5fc9db972849ae87fb67bd410bfb27c3,258af851123eb464eff2c7451ca712cac226df30b1032675e0320a2a5861be33
P1-MAX/attempt-01/train/episode-74,MAX,training,train,74,2102,,1102,600,39,0.2253906418966014,0.566348195483937,0.7264092297385838,0.5539135064393047,0,0.0,0.0,False,True,wrapper_decision_limit,7570e2ac804528bf19f4e3239c824109dcef3783769bb63658bf2da0d74053e3,e2ce615e6bef05fd2f73831af4c160cd5fc9db972849ae87fb67bd410bfb27c3,258af851123eb464eff2c7451ca712cac226df30b1032675e0320a2a5861be33
P1-MAX/attempt-01/train/episode-75,MAX,training,train,75,2102,,1102,600,39,0.12489361676886852,0.55555981336652,0.7486272254809228,0.5171476422777118,2,0.0,0.0,False,True,wrapper_decision_limit,64a31ccc23bd11ad2bbd21797c9627652f7e8305caa8404ae470b8a45fc8986c,e2ce615e6bef05fd2f73831af4c160cd5fc9db972849ae87fb67bd410bfb27c3,258af851123eb464eff2c7451ca712cac226df30b1032675e0320a2a5861be33
P1-MAX/attempt-01/train/episode-76,MAX,training,train,76,2102,,1102,600,39,0.06615672428428236,0.5333174700860198,0.6801778052529606,0.4882759878612633,7,0.0,0.0,False,True,wrapper_decision_limit,6c479c34f63224ac65688a044b09e51027fd6fdb87098026ed3e002a89971ed2,e2ce615e6bef05fd2f73831af4c160cd5fc9db972849ae87fb67bd410bfb27c3,258af851123eb464eff2c7451ca712cac226df30b1032675e0320a2a5861be33
P1-MAX/attempt-01/train/episode-77,MAX,training,train,77,2102,,1102,600,39,0.1261769720043823,0.5522001284756439,0.748821853024887,0.5357704650697203,4,0.0,0.0,False,True,wrapper_decision_limit,ba84c28f80856aa43339e8a613cfadfdfd75d581666c493bf0879c3dec98abf3,e2ce615e6bef05fd2f73831af4c160cd5fc9db972849ae87fb67bd410bfb27c3,258af851123eb464eff2c7451ca712cac226df30b1032675e0320a2a5861be33
P1-MAX/attempt-01/train/episode-78,MAX,training,train,78,2102,,1102,600,39,0.1283100832424825,0.5750071567965366,0.7679300738748942,0.5365053658923512,1,0.0,0.0,False,True,wrapper_decision_limit,9dc97fc839ee39cc466d8c5aa44d71f4d23e617d5473567e2160a720015fcf7e,e2ce615e6bef05fd2f73831af4c160cd5fc9db972849ae87fb67bd410bfb27c3,258af851123eb464eff2c7451ca712cac226df30b1032675e0320a2a5861be33
P1-MAX/attempt-01/train/episode-79,MAX,training,train,79,2102,,1102,600,39,0.16122052656233213,0.5225578176499568,0.7543939980999876,0.512803891084509,2,0.0,0.0,False,True,wrapper_decision_limit,cee86d8bca2756e18406bae7af3ce814907c0baebfd1f26685bf795023dc7cc9,e2ce615e6bef05fd2f73831af4c160cd5fc9db972849ae87fb67bd410bfb27c3,258af851123eb464eff2c7451ca712cac226df30b1032675e0320a2a5861be33
P1-MAX/attempt-01/train/episode-80,MAX,training,train,80,2102,,1102,600,39,0.0836870012014431,0.5127533761953835,0.8028372293305164,0.5063286917908181,2,0.0,0.0,False,True,wrapper_decision_limit,84cf34bfc37c0ac9f17ecebc650a173f8cafda164a03b309e74aa1bcb9b68825,e2ce615e6bef05fd2f73831af4c160cd5fc9db972849ae87fb67bd410bfb27c3,258af851123eb464eff2c7451ca712cac226df30b1032675e0320a2a5861be33
P1-MAX/attempt-01/train/episode-81,MAX,training,train,81,2102,,1102,600,39,0.09786868747963824,0.5413133643452964,0.7271339126257165,0.5293990539137068,2,1.0,1.0,False,True,wrapper_decision_limit,1e513743ecfb30ac96f1e8d3441a05472e4c345e27fa608a73f7704a668415b1,e2ce615e6bef05fd2f73831af4c160cd5fc9db972849ae87fb67bd410bfb27c3,258af851123eb464eff2c7451ca712cac226df30b1032675e0320a2a5861be33
P1-MAX/attempt-01/train/episode-82,MAX,training,train,82,2102,,1102,600,39,0.13742170174812612,0.5743070767194774,0.8588192638058585,0.5544575562987925,1,0.0,0.0,False,True,wrapper_decision_limit,5ba7251d0c75d2d1b48e7279692046234520ab843d144d2a751084973ec4edc0,e2ce615e6bef05fd2f73831af4c160cd5fc9db972849ae87fb67bd410bfb27c3,258af851123eb464eff2c7451ca712cac226df30b1032675e0320a2a5861be33
P1-MAX/attempt-01/train/episode-83,MAX,training,train,83,2102,,1102,600,39,0.4514266904572703,0.5835081840741119,0.7913279844635278,0.5990594634912385,5,0.0,0.0,False,True,wrapper_decision_limit,75f0783d4beada473d1ddb4f2c934bd32502e9287c2980f95aab5ad13caab08e,e2ce615e6bef05fd2f73831af4c160cd5fc9db972849ae87fb67bd410bfb27c3,258af851123eb464eff2c7451ca712cac226df30b1032675e0320a2a5861be33
P1-MAX/attempt-01/train/episode-84,MAX,training,train,84,2102,,1102,600,39,0.13125985870313417,0.5759127601195239,0.7978740214028914,0.5369923620144953,2,0.0,0.0,False,True,wrapper_decision_limit,51493c86b8300f9363b8f909eafc0c8a283328b568710893642c8f86a051438f,e2ce615e6bef05fd2f73831af4c160cd5fc9db972849ae87fb67bd410bfb27c3,258af851123eb464eff2c7451ca712cac226df30b1032675e0320a2a5861be33
P1-MAX/attempt-01/train/episode-85,MAX,training,train,85,2102,,1102,600,39,0.2075961867067123,0.5893811010118667,0.721139779000519,0.5654472160937538,0,0.0,0.0,False,True,wrapper_decision_limit,c97758aabdb6cd975551737785f0bee8858b792070f633373f10cda25bd2959c,e2ce615e6bef05fd2f73831af4c160cd5fc9db972849ae87fb67bd410bfb27c3,258af851123eb464eff2c7451ca712cac226df30b1032675e0320a2a5861be33
P1-MAX/attempt-01/train/episode-86,MAX,training,train,86,2102,,1102,200,12,0.35781338023316084,0.5571320131695614,0.6918935468042575,0.546623646075127,0,0.0,0.0,False,False,collection_budget_fragment,ecaa54ef1c1471a38edb19e91c56b9682ec03b1efd23d1106e29c25e576bb74b,e2ce615e6bef05fd2f73831af4c160cd5fc9db972849ae87fb67bd410bfb27c3,258af851123eb464eff2c7451ca712cac226df30b1032675e0320a2a5861be33
P1-MAX/attempt-01/evaluate-3001/episode-1,MAX,evaluation,evaluate-3001,1,3001,,1102,600,39,0.15121343157603795,0.6886274199365748,0.8196677211531582,0.5804400791075608,2,0.0,0.0,False,True,wrapper_decision_limit,99db6afef0d3f5a81df5e43f85a50e50948a4c93b3c63521455533e38bd26277,e2ce615e6bef05fd2f73831af4c160cd5fc9db972849ae87fb67bd410bfb27c3,3cbbf2492d13c33ef63f6425f99abbf87119e081cdbc8b01aea6b2291c75a724
P1-MAX/attempt-01/evaluate-3002/episode-1,MAX,evaluation,evaluate-3002,1,3002,,1102,600,39,0.15121343157603795,0.6886274199365748,0.8196677211531582,0.5804400791075608,2,0.0,0.0,False,True,wrapper_decision_limit,99db6afef0d3f5a81df5e43f85a50e50948a4c93b3c63521455533e38bd26277,e2ce615e6bef05fd2f73831af4c160cd5fc9db972849ae87fb67bd410bfb27c3,166d646bf99e9b4b8cc0c3246fa0556cd6cb3c80b705794d48ec449375a223cd
P1-MAX/attempt-01/evaluate-3003/episode-1,MAX,evaluation,evaluate-3003,1,3003,,1102,600,39,0.15121343157603795,0.6886274199365748,0.8196677211531582,0.5804400791075608,2,0.0,0.0,False,True,wrapper_decision_limit,99db6afef0d3f5a81df5e43f85a50e50948a4c93b3c63521455533e38bd26277,e2ce615e6bef05fd2f73831af4c160cd5fc9db972849ae87fb67bd410bfb27c3,8d6575c979185cfc03227da43145d84813bbf411efb5f0f20f4afedfa4a3e007
P1-MAX/attempt-01/evaluate-3004/episode-1,MAX,evaluation,evaluate-3004,1,3004,,1102,600,39,0.15121343157603795,0.6886274199365748,0.8196677211531582,0.5804400791075608,2,0.0,0.0,False,True,wrapper_decision_limit,99db6afef0d3f5a81df5e43f85a50e50948a4c93b3c63521455533e38bd26277,e2ce615e6bef05fd2f73831af4c160cd5fc9db972849ae87fb67bd410bfb27c3,84da23a804ea69f5c71fa6f4c68c4362e3a33a00188ab5fa644ff6dcce72e7d6
P1-MAX/attempt-01/evaluate-3005/episode-1,MAX,evaluation,evaluate-3005,1,3005,,1102,600,39,0.15121343157603795,0.6886274199365748,0.8196677211531582,0.5804400791075608,2,0.0,0.0,False,True,wrapper_decision_limit,99db6afef0d3f5a81df5e43f85a50e50948a4c93b3c63521455533e38bd26277,e2ce615e6bef05fd2f73831af4c160cd5fc9db972849ae87fb67bd410bfb27c3,93f11daa10d0d870a95e425f5e799f789119cc59337999c74d0dfb1c1e9d2367
P1-MAX/attempt-01/evaluate-3006/episode-1,MAX,evaluation,evaluate-3006,1,3006,,1102,600,39,0.15121343157603795,0.6886274199365748,0.8196677211531582,0.5804400791075608,2,0.0,0.0,False,True,wrapper_decision_limit,99db6afef0d3f5a81df5e43f85a50e50948a4c93b3c63521455533e38bd26277,e2ce615e6bef05fd2f73831af4c160cd5fc9db972849ae87fb67bd410bfb27c3,dc7c5125b3c9af2fe65d76f3573f7acd94d2bcad8cb53a010e40a24297801899
P1-MAX/attempt-01/evaluate-3007/episode-1,MAX,evaluation,evaluate-3007,1,3007,,1102,600,39,0.15121343157603795,0.6886274199365748,0.8196677211531582,0.5804400791075608,2,0.0,0.0,False,True,wrapper_decision_limit,99db6afef0d3f5a81df5e43f85a50e50948a4c93b3c63521455533e38bd26277,e2ce615e6bef05fd2f73831af4c160cd5fc9db972849ae87fb67bd410bfb27c3,f38a40b24ca07d28808cbb03ed20f9d23e75a993d6fb8a6d456663db16c75069
P1-MAX/attempt-01/evaluate-3008/episode-1,MAX,evaluation,evaluate-3008,1,3008,,1102,600,39,0.15121343157603795,0.6886274199365748,0.8196677211531582,0.5804400791075608,2,0.0,0.0,False,True,wrapper_decision_limit,99db6afef0d3f5a81df5e43f85a50e50948a4c93b3c63521455533e38bd26277,e2ce615e6bef05fd2f73831af4c160cd5fc9db972849ae87fb67bd410bfb27c3,5777e46cf99624c3c85e1913dd85561d7c4c19a3a6f0ce2d780ade9590cd4d00
P1-MAX/attempt-01/evaluate-3009/episode-1,MAX,evaluation,evaluate-3009,1,3009,,1102,600,39,0.15121343157603795,0.6886274199365748,0.8196677211531582,0.5804400791075608,2,0.0,0.0,False,True,wrapper_decision_limit,99db6afef0d3f5a81df5e43f85a50e50948a4c93b3c63521455533e38bd26277,e2ce615e6bef05fd2f73831af4c160cd5fc9db972849ae87fb67bd410bfb27c3,1bf8dc5fc1a865fd8941823a437e92a7af58367167fdffced7ae7644d1040dbe
P1-MAX/attempt-01/evaluate-3010/episode-1,MAX,evaluation,evaluate-3010,1,3010,,1102,600,39,0.15121343157603795,0.6886274199365748,0.8196677211531582,0.5804400791075608,2,0.0,0.0,False,True,wrapper_decision_limit,99db6afef0d3f5a81df5e43f85a50e50948a4c93b3c63521455533e38bd26277,e2ce615e6bef05fd2f73831af4c160cd5fc9db972849ae87fb67bd410bfb27c3,4025a5eec8f9ea32b6f4ba3efc92d6b364812a29ffb3a109d769174ba631d3d5
P1-RANDOM/attempt-01/evaluate-3001/episode-1,RANDOM,evaluation,evaluate-3001,1,3001,4001,,600,39,0.1180262250432299,0.37182173962921644,0.6696353134893356,0.3747691795417431,0,0.0,0.0,False,True,wrapper_decision_limit,f6c2c29041d709103b3dc1eed3fecdb96dce5b3052e79a4e1098e06f11253024,abef592f9ce8ba67d1eae7a57d9c3387827d0dd7b0d561d2fc4620bb8740da16,6d747b32a256b558ff44b1a996edaab33c31dee9506657498e6bfd861e9131de
P1-RANDOM/attempt-01/evaluate-3002/episode-1,RANDOM,evaluation,evaluate-3002,1,3002,4002,,600,39,0.10811574385055134,0.4134161094761158,0.6632131843999802,0.4105182086478118,0,0.0,0.0,False,True,wrapper_decision_limit,df1d4738174ad8005e7d3a6040d827f9c5a41d680a39e6438ef3153e56bf59a0,abef592f9ce8ba67d1eae7a57d9c3387827d0dd7b0d561d2fc4620bb8740da16,e592e69bbb3d66326073965314687b0c2edc07c91a4f8e746526427a979ab214
P1-RANDOM/attempt-01/evaluate-3003/episode-1,RANDOM,evaluation,evaluate-3003,1,3003,4003,,600,39,0.11166888262312673,0.39613977412360935,0.6249623812358127,0.38669245336098257,0,0.0,0.0,False,True,wrapper_decision_limit,b0a69b5e0ae9b3e01e6111f74d8908d995cd696b98ae8b130bf27eeef703ed0b,abef592f9ce8ba67d1eae7a57d9c3387827d0dd7b0d561d2fc4620bb8740da16,8beba420ed342315381e8e05f955e38dfe2f86a03fc977c8a817385568185a37
P1-RANDOM/attempt-01/evaluate-3004/episode-1,RANDOM,evaluation,evaluate-3004,1,3004,4004,,600,39,0.10894398345977474,0.44280241406919585,0.5961347458454208,0.413155283143709,2,1.0,1.0,False,True,wrapper_decision_limit,db862d5fa58fd120aad3b606921c82e84554b97cc5b5cea062a288b9cd7a471f,abef592f9ce8ba67d1eae7a57d9c3387827d0dd7b0d561d2fc4620bb8740da16,b3237595c935f4e75ccd7163dd5fdadb05c7ced04f0a49639c34ef36ea1aaa8b
P1-RANDOM/attempt-01/evaluate-3005/episode-1,RANDOM,evaluation,evaluate-3005,1,3005,4005,,600,39,0.06786148925355644,0.4405813775474584,0.6661506480768631,0.4569964747224435,2,0.0,0.0,False,True,wrapper_decision_limit,d5a929c8bb24ddce3b045c75957381b47741ccf85531a7cdaa2775ec565b368f,abef592f9ce8ba67d1eae7a57d9c3387827d0dd7b0d561d2fc4620bb8740da16,2338e7e816c498502f2775c47c72b012dae1598e408e9dbede540daae32f2504
P1-RANDOM/attempt-01/evaluate-3006/episode-1,RANDOM,evaluation,evaluate-3006,1,3006,4006,,600,39,0.0597510986215871,0.48198197310443,0.6612237059557435,0.47690985957607096,3,1.0,1.0,False,True,wrapper_decision_limit,54184d8f7a30a73e74015215f4c1a2051df65b25e60d478dd49a1bdba8ee4e58,abef592f9ce8ba67d1eae7a57d9c3387827d0dd7b0d561d2fc4620bb8740da16,045f30cf0d80cab64451d4532fb5a632b52f13a59d3b2e7bdc6bc7391bd0f132
P1-RANDOM/attempt-01/evaluate-3007/episode-1,RANDOM,evaluation,evaluate-3007,1,3007,4007,,600,39,0.07931574704139,0.4449837546979266,0.6734718330264349,0.4353377961201764,0,0.0,0.0,False,True,wrapper_decision_limit,a1b9c19ab01a702c3b6981f61fd8c2dec070826f013fa41dc331004b028f4670,abef592f9ce8ba67d1eae7a57d9c3387827d0dd7b0d561d2fc4620bb8740da16,7c18631b1e8b5e9f49ba186dd84c5ff3f03bae270992598445e989cd8034c68b
P1-RANDOM/attempt-01/evaluate-3008/episode-1,RANDOM,evaluation,evaluate-3008,1,3008,4008,,600,39,0.053439057899809475,0.4629184544025856,0.6871971322225958,0.4327052860616304,5,0.0,0.0,False,True,wrapper_decision_limit,75a2b0e4f38a9638eb9cfc132d8be60a5f02118904f43df5fb5ab7a1d11a8892,abef592f9ce8ba67d1eae7a57d9c3387827d0dd7b0d561d2fc4620bb8740da16,a6c8ebba7e3563082a9f478605611284b5a13eb96a4ce7fae19d727bcde73463
P1-RANDOM/attempt-01/evaluate-3009/episode-1,RANDOM,evaluation,evaluate-3009,1,3009,4009,,600,39,0.08211770381391185,0.353017908866862,0.5384899122875263,0.34905832411988613,0,0.0,0.0,False,True,wrapper_decision_limit,7a7bdac7176a36a2398b634d6b73f414d682f6033e7274bc0c299cff5566da8c,abef592f9ce8ba67d1eae7a57d9c3387827d0dd7b0d561d2fc4620bb8740da16,eebbc971f0fa7bea61ecf130b6eac78c4b9a266c1206eeb4a53e7a405e742011
P1-RANDOM/attempt-01/evaluate-3010/episode-1,RANDOM,evaluation,evaluate-3010,1,3010,4010,,600,39,0.06570325402936408,0.40676144504134604,0.6505087575116851,0.39003155163038605,2,0.0,0.0,False,True,wrapper_decision_limit,b306b5663cf6345c5ee6d87999bdc591df338690f84c19184b835d623803322d,abef592f9ce8ba67d1eae7a57d9c3387827d0dd7b0d561d2fc4620bb8740da16,4136a658b4395236f1a906ddc8cdf6072af4d1a4bb18d57fa5433fa135655813
