condition,episode,actual_decisions_at_end,decisions,task_return,delivered_return,raw_score,pairs,end_reason
TASK,1,600,600,0.0,0.0,0.0,39,wrapper_decision_limit
TASK,2,1200,600,0.0,0.0,0.0,39,wrapper_decision_limit
TASK,3,1800,600,0.0,0.0,0.0,39,wrapper_decision_limit
TASK,4,2400,600,0.0,0.0,0.0,39,wrapper_decision_limit
TASK,5,3000,600,0.0,0.0,0.0,39,wrapper_decision_limit
TASK,6,3600,600,0.0,0.0,0.0,39,wrapper_decision_limit
TASK,7,4200,600,0.0,0.0,0.0,39,wrapper_decision_limit
TASK,8,4800,600,0.0,0.0,0.0,39,wrapper_decision_limit
TASK,9,5400,600,0.0,0.0,0.0,39,wrapper_decision_limit
TASK,10,6000,600,0.0,0.0,0.0,39,wrapper_decision_limit
TASK,11,6600,600,0.0,0.0,0.0,39,wrapper_decision_limit
TASK,12,7200,600,0.0,0.0,0.0,39,wrapper_decision_limit
TASK,13,7800,600,0.0,0.0,0.0,39,wrapper_decision_limit
TASK,14,8400,600,0.0,0.0,0.0,39,wrapper_decision_limit
TASK,15,9000,600,0.0,0.0,0.0,39,wrapper_decision_limit
TASK,16,9600,600,0.0,0.0,0.0,39,wrapper_decision_limit
TASK,17,10200,600,0.0,0.0,0.0,39,wrapper_decision_limit
TASK,18,10800,600,0.0,0.0,0.0,39,wrapper_decision_limit
TASK,19,11400,600,0.0,0.0,0.0,39,wrapper_decision_limit
TASK,20,12000,600,0.0,0.0,0.0,39,wrapper_decision_limit
TASK,21,12600,600,0.0,0.0,0.0,39,wrapper_decision_limit
TASK,22,13200,600,0.0,0.0,0.0,39,wrapper_decision_limit
TASK,23,13800,600,0.0,0.0,0.0,39,wrapper_decision_limit
TASK,24,14400,600,0.0,0.0,0.0,39,wrapper_decision_limit
TASK,25,15000,600,0.0,0.0,0.0,39,wrapper_decision_limit
TASK,26,15600,600,0.0,0.0,0.0,39,wrapper_decision_limit
TASK,27,16200,600,0.0,0.0,0.0,39,wrapper_decision_limit
TASK,28,16800,600,0.0,0.0,0.0,39,wrapper_decision_limit
TASK,29,17400,600,0.0,0.0,0.0,39,wrapper_decision_limit
TASK,30,18000,600,0.0,0.0,0.0,39,wrapper_decision_limit
TASK,31,18600,600,0.0,0.0,0.0,39,wrapper_decision_limit
TASK,32,19200,600,0.0,0.0,0.0,39,wrapper_decision_limit
TASK,33,19800,600,0.0,0.0,0.0,39,wrapper_decision_limit
TASK,34,20400,600,1.0,1.0,1.0,39,wrapper_decision_limit
TASK,35,21000,600,0.0,0.0,0.0,39,wrapper_decision_limit
TASK,36,21600,600,0.0,0.0,0.0,39,wrapper_decision_limit
TASK,37,22200,600,0.0,0.0,0.0,39,wrapper_decision_limit
TASK,38,22800,600,0.0,0.0,0.0,39,wrapper_decision_limit
TASK,39,23400,600,0.0,0.0,0.0,39,wrapper_decision_limit
TASK,40,24000,600,0.0,0.0,0.0,39,wrapper_decision_limit
TASK,41,24600,600,0.0,0.0,0.0,39,wrapper_decision_limit
TASK,42,25200,600,0.0,0.0,0.0,39,wrapper_decision_limit
TASK,43,25800,600,0.0,0.0,0.0,39,wrapper_decision_limit
TASK,44,26400,600,0.0,0.0,0.0,39,wrapper_decision_limit
TASK,45,27000,600,0.0,0.0,0.0,39,wrapper_decision_limit
TASK,46,27600,600,0.0,0.0,0.0,39,wrapper_decision_limit
TASK,47,28200,600,0.0,0.0,0.0,39,wrapper_decision_limit
TASK,48,28800,600,0.0,0.0,0.0,39,wrapper_decision_limit
TASK,49,29400,600,0.0,0.0,0.0,39,wrapper_decision_limit
TASK,50,30000,600,0.0,0.0,0.0,39,wrapper_decision_limit
TASK,51,30600,600,0.0,0.0,0.0,39,wrapper_decision_limit
TASK,52,31200,600,0.0,0.0,0.0,39,wrapper_decision_limit
TASK,53,31800,600,0.0,0.0,0.0,39,wrapper_decision_limit
TASK,54,32400,600,0.0,0.0,0.0,39,wrapper_decision_limit
TASK,55,33000,600,0.0,0.0,0.0,39,wrapper_decision_limit
TASK,56,33600,600,0.0,0.0,0.0,39,wrapper_decision_limit
TASK,57,34200,600,0.0,0.0,0.0,39,wrapper_decision_limit
TASK,58,34800,600,0.0,0.0,0.0,39,wrapper_decision_limit
TASK,59,35400,600,0.0,0.0,0.0,39,wrapper_decision_limit
TASK,60,36000,600,0.0,0.0,0.0,39,wrapper_decision_limit
TASK,61,36600,600,1.0,1.0,1.0,39,wrapper_decision_limit
TASK,62,37200,600,0.0,0.0,0.0,39,wrapper_decision_limit
TASK,63,37800,600,0.0,0.0,0.0,39,wrapper_decision_limit
TASK,64,38400,600,0.0,0.0,0.0,39,wrapper_decision_limit
TASK,65,39000,600,0.0,0.0,0.0,39,wrapper_decision_limit
TASK,66,39600,600,0.0,0.0,0.0,39,wrapper_decision_limit
TASK,67,40200,600,0.0,0.0,0.0,39,wrapper_decision_limit
TASK,68,40800,600,0.0,0.0,0.0,39,wrapper_decision_limit
TASK,69,41400,600,0.0,0.0,0.0,39,wrapper_decision_limit
TASK,70,42000,600,0.0,0.0,0.0,39,wrapper_decision_limit
TASK,71,42600,600,0.0,0.0,0.0,39,wrapper_decision_limit
TASK,72,43200,600,0.0,0.0,0.0,39,wrapper_decision_limit
TASK,73,43800,600,0.0,0.0,0.0,39,wrapper_decision_limit
TASK,74,44400,600,0.0,0.0,0.0,39,wrapper_decision_limit
TASK,75,45000,600,0.0,0.0,0.0,39,wrapper_decision_limit
TASK,76,45600,600,0.0,0.0,0.0,39,wrapper_decision_limit
TASK,77,46200,600,0.0,0.0,0.0,39,wrapper_decision_limit
TASK,78,46800,600,0.0,0.0,0.0,39,wrapper_decision_limit
TASK,79,47400,600,0.0,0.0,0.0,39,wrapper_decision_limit
TASK,80,48000,600,0.0,0.0,0.0,39,wrapper_decision_limit
TASK,81,48600,600,1.0,1.0,1.0,39,wrapper_decision_limit
TASK,82,49200,600,0.0,0.0,0.0,39,wrapper_decision_limit
TASK,83,49800,600,0.0,0.0,0.0,39,wrapper_decision_limit
TASK,84,50400,600,1.0,1.0,1.0,39,wrapper_decision_limit
TASK,85,51000,600,1.0,1.0,1.0,39,wrapper_decision_limit
TASK,86,51200,200,0.0,0.0,0.0,12,collection_budget_fragment
MAX,1,600,600,1.0,16.858964048463672,1.0,39,wrapper_decision_limit
MAX,2,1200,600,0.0,14.89891278705511,0.0,39,wrapper_decision_limit
MAX,3,1800,600,0.0,16.918321663063736,0.0,39,wrapper_decision_limit
MAX,4,2400,600,0.0,14.959287820277943,0.0,39,wrapper_decision_limit
MAX,5,3000,600,0.0,16.830768215744676,0.0,39,wrapper_decision_limit
MAX,6,3600,600,0.0,13.321958435265111,0.0,39,wrapper_decision_limit
MAX,7,4200,600,0.0,14.54314346137383,0.0,39,wrapper_decision_limit
MAX,8,4800,600,0.0,14.9438216950234,0.0,39,wrapper_decision_limit
MAX,9,5400,600,0.0,16.673660012642113,0.0,39,wrapper_decision_limit
MAX,10,6000,600,0.0,16.198438289797313,0.0,39,wrapper_decision_limit
MAX,11,6600,600,0.0,16.095403939388376,0.0,39,wrapper_decision_limit
MAX,12,7200,600,0.0,16.239443207531288,0.0,39,wrapper_decision_limit
MAX,13,7800,600,0.0,17.14001699819861,0.0,39,wrapper_decision_limit
MAX,14,8400,600,0.0,15.230163580892624,0.0,39,wrapper_decision_limit
MAX,15,9000,600,0.0,14.457366968258587,0.0,39,wrapper_decision_limit
MAX,16,9600,600,0.0,16.547775720047206,0.0,39,wrapper_decision_limit
MAX,17,10200,600,0.0,14.38216423210571,0.0,39,wrapper_decision_limit
MAX,18,10800,600,0.0,14.636724871515023,0.0,39,wrapper_decision_limit
MAX,19,11400,600,0.0,16.97321893611722,0.0,39,wrapper_decision_limit
MAX,20,12000,600,0.0,15.873049701960266,0.0,39,wrapper_decision_limit
MAX,21,12600,600,1.0,16.45515550751197,1.0,39,wrapper_decision_limit
MAX,22,13200,600,0.0,15.735750904427535,0.0,39,wrapper_decision_limit
MAX,23,13800,600,0.0,14.354176522581797,0.0,39,wrapper_decision_limit
MAX,24,14400,600,0.0,15.31185454341739,0.0,39,wrapper_decision_limit
MAX,25,15000,600,0.0,15.77450919841156,0.0,39,wrapper_decision_limit
MAX,26,15600,600,0.0,17.08085187589356,0.0,39,wrapper_decision_limit
MAX,27,16200,600,0.0,16.27542963847702,0.0,39,wrapper_decision_limit
MAX,28,16800,600,0.0,17.888917118232552,0.0,39,wrapper_decision_limit
MAX,29,17400,600,0.0,15.706934955778179,0.0,39,wrapper_decision_limit
MAX,30,18000,600,1.0,18.457811667534987,1.0,39,wrapper_decision_limit
MAX,31,18600,600,0.0,16.578972812763357,0.0,39,wrapper_decision_limit
MAX,32,19200,600,1.0,18.222436721722115,1.0,39,wrapper_decision_limit
MAX,33,19800,600,0.0,18.215470956717613,0.0,39,wrapper_decision_limit
MAX,34,20400,600,0.0,20.375811897509717,0.0,39,wrapper_decision_limit
MAX,35,21000,600,0.0,16.892552889519976,0.0,39,wrapper_decision_limit
MAX,36,21600,600,1.0,19.16378822280694,1.0,39,wrapper_decision_limit
MAX,37,22200,600,0.0,17.726217343954737,0.0,39,wrapper_decision_limit
MAX,38,22800,600,0.0,17.181443502804115,0.0,39,wrapper_decision_limit
MAX,39,23400,600,0.0,17.295849978836184,0.0,39,wrapper_decision_limit
MAX,40,24000,600,0.0,19.712501648076135,0.0,39,wrapper_decision_limit
MAX,41,24600,600,0.0,18.422638002066762,0.0,39,wrapper_decision_limit
MAX,42,25200,600,0.0,19.774706989552268,0.0,39,wrapper_decision_limit
MAX,43,25800,600,0.0,19.09283387754307,0.0,39,wrapper_decision_limit
MAX,44,26400,600,0.0,18.789341348644314,0.0,39,wrapper_decision_limit
MAX,45,27000,600,0.0,20.584770478055297,0.0,39,wrapper_decision_limit
MAX,46,27600,600,0.0,23.823604973095065,0.0,39,wrapper_decision_limit
MAX,47,28200,600,0.0,21.056351643293873,0.0,39,wrapper_decision_limit
MAX,48,28800,600,0.0,18.560766377598718,0.0,39,wrapper_decision_limit
MAX,49,29400,600,0.0,20.509336808064887,0.0,39,wrapper_decision_limit
MAX,50,30000,600,0.0,20.595937920221907,0.0,39,wrapper_decision_limit
MAX,51,30600,600,0.0,19.28865302288536,0.0,39,wrapper_decision_limit
MAX,52,31200,600,1.0,18.55191748312112,1.0,39,wrapper_decision_limit
MAX,53,31800,600,0.0,17.652015539290232,0.0,39,wrapper_decision_limit
MAX,54,32400,600,0.0,19.73690411681059,0.0,39,wrapper_decision_limit
MAX,55,33000,600,0.0,20.54739220836182,0.0,39,wrapper_decision_limit
MAX,56,33600,600,0.0,21.125041172597896,0.0,39,wrapper_decision_limit
MAX,57,34200,600,0.0,20.251097010387014,0.0,39,wrapper_decision_limit
MAX,58,34800,600,0.0,19.188079788386787,0.0,39,wrapper_decision_limit
MAX,59,35400,600,0.0,20.46080439027842,0.0,39,wrapper_decision_limit
MAX,60,36000,600,1.0,20.44719738493393,1.0,39,wrapper_decision_limit
MAX,61,36600,600,1.0,21.06056174355175,1.0,39,wrapper_decision_limit
MAX,62,37200,600,0.0,18.86821654531845,0.0,39,wrapper_decision_limit
MAX,63,37800,600,1.0,20.095933085174565,1.0,39,wrapper_decision_limit
MAX,64,38400,600,0.0,19.125963907268257,0.0,39,wrapper_decision_limit
MAX,65,39000,600,0.0,19.203360893699884,0.0,39,wrapper_decision_limit
MAX,66,39600,600,1.0,21.28840601090896,1.0,39,wrapper_decision_limit
MAX,67,40200,600,0.0,19.806432886243712,0.0,39,wrapper_decision_limit
MAX,68,40800,600,0.0,20.997218252140843,0.0,39,wrapper_decision_limit
MAX,69,41400,600,0.0,20.160009855702434,0.0,39,wrapper_decision_limit
MAX,70,42000,600,0.0,21.420998903053466,0.0,39,wrapper_decision_limit
MAX,71,42600,600,0.0,19.940837194216726,0.0,39,wrapper_decision_limit
MAX,72,43200,600,0.0,20.438076000113977,0.0,39,wrapper_decision_limit
MAX,73,43800,600,1.0,19.146141438464962,1.0,39,wrapper_decision_limit
MAX,74,44400,600,0.0,21.602626751132878,0.0,39,wrapper_decision_limit
MAX,75,45000,600,0.0,20.16875804883076,0.0,39,wrapper_decision_limit
MAX,76,45600,600,0.0,19.04276352658927,0.0,39,wrapper_decision_limit
MAX,77,46200,600,0.0,20.895048137719083,0.0,39,wrapper_decision_limit
MAX,78,46800,600,0.0,20.9237092698017,0.0,39,wrapper_decision_limit
MAX,79,47400,600,0.0,19.99935175229585,0.0,39,wrapper_decision_limit
MAX,80,48000,600,0.0,19.746818979841912,0.0,39,wrapper_decision_limit
MAX,81,48600,600,1.0,20.646563102634573,1.0,39,wrapper_decision_limit
MAX,82,49200,600,0.0,21.62384469565291,0.0,39,wrapper_decision_limit
MAX,83,49800,600,0.0,23.36331907615831,0.0,39,wrapper_decision_limit
MAX,84,50400,600,0.0,20.942702118565315,0.0,39,wrapper_decision_limit
MAX,85,51000,600,0.0,22.052441427656397,0.0,39,wrapper_decision_limit
MAX,86,51200,200,0.0,6.559483752901524,0.0,12,collection_budget_fragment
